FrameNumber,ObjectID,X,Y,Width,Height,Confidence,Class
1,12,1516,510,60,181,,
1,11,1607,544,56,168,,
1,10,1364,489,42,128,,
1,9,540,546,31,97,,
1,8,1529,561,39,119,,
1,7,1431,401,60,181,,
1,6,1484,518,25,78,,
1,5,121,695,41,128,,
1,4,191,571,51,157,,
1,3,502,544,34,103,,
1,2,264,581,52,157,,
1,1,1617,553,39,119,,
2,16,961,927,42,127,,
2,15,616,508,24,73,,
2,14,483,493,48,147,,
2,13,1308,446,21,64,,
2,11,1613,510,60,181,,
2,10,1368,505,40,118,,
2,9,544,549,26,79,,
2,8,1529,561,39,119,,
2,7,1430,390,64,194,,
2,6,1489,518,25,78,,
2,5,112,689,40,118,,
2,4,180,560,52,157,,
2,3,501,533,31,97,,
2,2,267,579,45,137,,
2,1,1621,549,42,128,,
3,19,1249,441,39,119,,
3,18,1201,801,39,119,,
3,17,1449,465,39,119,,
3,14,498,541,42,127,,
3,11,1625,496,60,183,,
3,10,1379,516,34,104,,
3,8,1536,553,39,119,,
3,7,1442,387,61,185,,
3,6,1494,513,26,78,,
3,5,104,711,41,125,,
3,4,170,576,55,167,,
3,3,503,551,30,89,,
3,2,251,580,53,161,,
3,1,1632,551,40,122,,
4,11,1627,492,63,193,,
4,10,1386,510,36,111,,
4,8,1544,558,39,119,,
4,7,1438,378,67,202,,
4,6,1502,512,24,74,,
4,5,89,715,40,120,,
4,4,159,579,56,170,,
4,3,502,550,30,92,,
4,2,228,586,69,208,,
4,1,1639,550,41,126,,
5,11,1627,501,64,196,,
5,10,1384,509,40,121,,
5,8,1552,566,39,119,,
5,7,1442,385,66,200,,
5,6,1506,515,26,80,,
5,5,74,709,39,119,,
5,4,148,570,56,171,,
5,3,496,544,31,94,,
5,1,1648,564,40,122,,
6,11,1645,537,61,184,,
6,8,1561,574,41,124,,
6,7,1452,403,63,191,,
6,6,1510,524,26,80,,
6,5,64,719,38,118,,
6,4,145,577,54,165,,
6,3,495,550,32,99,,
6,1,1656,574,40,120,,
7,22,519,490,50,153,,
7,21,28,712,49,149,,
7,20,235,605,51,157,,
7,18,1215,838,51,153,,
7,8,1568,576,40,122,,
7,7,1452,396,66,201,,
7,5,52,723,40,122,,
7,4,136,578,55,168,,
7,3,495,547,33,101,,
7,1,1659,562,44,135,,
8,23,1765,445,125,379,,
8,22,517,494,52,157,,
8,20,222,613,48,146,,
8,18,1221,854,50,153,,
8,8,1578,583,41,125,,
8,7,1451,394,71,212,,
8,5,35,734,39,120,,
8,4,126,586,55,169,,
8,3,495,550,33,103,,
8,1,1666,571,46,141,,
9,23,1761,430,133,402,,
9,22,517,495,52,159,,
9,20,216,613,48,147,,
9,8,1585,590,40,123,,
9,7,1450,400,71,213,,
9,5,18,738,39,119,,
9,4,115,581,55,170,,
9,3,492,550,31,98,,
9,1,1673,577,46,141,,
10,20,207,606,49,147,,
10,8,1589,599,41,126,,
10,7,1459,412,71,213,,
10,6,1523,549,25,77,,
10,5,2,729,40,123,,
10,4,103,572,56,169,,
10,3,489,548,31,97,,
10,1,1680,592,45,137,,
11,34,176,530,81,246,,
11,33,1401,524,39,119,,
11,20,197,594,54,163,,
11,8,1593,595,41,124,,
11,7,1457,404,69,207,,
11,4,92,583,56,170,,
11,3,488,552,31,96,,
11,1,1690,585,45,138,,
12,34,170,529,86,258,,
12,33,1407,527,39,119,,
12,20,185,587,57,174,,
12,8,1600,594,43,129,,
12,7,1462,405,69,208,,
12,4,80,587,56,170,,
12,1,1697,589,45,136,,
13,34,184,541,79,239,,
13,33,1409,522,39,119,,
13,20,172,576,59,179,,
13,8,1608,598,41,126,,
13,7,1467,402,67,204,,
13,4,65,578,57,175,,
13,1,1702,590,45,137,,
14,33,1409,520,39,119,,
14,20,167,575,64,193,,
14,8,1613,595,42,127,,
14,4,51,574,58,178,,
14,1,1710,584,45,138,,
15,45,1490,520,24,74,,
15,33,1409,520,39,119,,
15,20,157,577,63,191,,
15,8,1621,594,42,128,,
15,4,40,575,61,185,,
15,3,481,544,33,102,,
15,1,1718,588,45,138,,
16,45,1494,522,26,78,,
16,33,1415,525,39,119,,
16,20,143,574,66,201,,
16,8,1629,599,42,128,,
16,4,28,575,62,189,,
16,3,479,543,32,99,,
16,1,1725,586,47,141,,
17,48,516,546,35,107,,
17,33,1417,527,39,119,,
17,20,122,579,67,201,,
17,8,1633,599,41,126,,
17,4,15,582,63,192,,
17,3,475,544,33,101,,
17,1,1734,584,47,145,,
18,48,515,544,35,105,,
18,33,1423,532,40,122,,
18,8,1644,601,42,127,,
18,4,10,585,64,194,,
18,3,474,542,35,107,,
18,1,1743,590,48,146,,
19,48,515,545,36,109,,
19,33,1425,529,39,122,,
19,8,1654,602,42,127,,
19,4,0,585,64,196,,
19,3,473,540,36,112,,
19,1,1753,594,48,144,,
20,48,510,548,35,107,,
20,33,1425,528,40,121,,
20,3,468,541,36,109,,
20,1,1763,596,47,142,,
21,48,508,547,36,109,,
21,33,1425,528,40,120,,
21,3,466,542,36,108,,
21,1,1773,601,47,144,,
22,48,506,554,34,104,,
22,33,1431,528,39,120,,
22,3,465,538,37,115,,
22,1,1782,596,48,146,,
23,48,501,548,37,115,,
23,33,1433,528,39,120,,
23,3,464,538,38,116,,
23,1,1787,595,50,151,,
24,48,500,551,37,114,,
24,33,1433,528,40,120,,
24,3,464,541,39,121,,
24,1,1795,594,51,154,,
25,48,500,554,36,111,,
25,33,1439,534,39,119,,
25,3,458,548,40,121,,
25,1,1809,598,50,152,,
26,48,503,554,37,115,,
26,33,1442,534,40,122,,
26,3,456,550,40,124,,
26,1,1817,602,51,155,,
27,61,1530,523,28,87,,
27,48,498,554,38,117,,
27,33,1447,541,40,121,,
27,3,455,550,41,126,,
27,1,1824,604,53,159,,
28,61,1533,522,30,91,,
28,48,492,553,40,121,,
28,33,1449,538,39,121,,
28,3,454,550,42,127,,
28,1,1833,603,54,164,,
29,67,1825,591,81,246,,
29,61,1534,526,30,92,,
29,48,489,552,40,122,,
29,33,1455,542,39,120,,
29,3,449,550,41,126,,
29,1,1844,610,55,166,,
30,67,1835,595,77,233,,
30,61,1542,530,29,89,,
30,48,483,557,41,124,,
30,33,1457,544,39,120,,
30,3,447,556,41,126,,
30,1,1856,618,54,164,,
31,33,1458,550,39,119,,
31,3,440,569,42,127,,
31,1,1867,622,54,167,,
32,33,1463,557,39,120,,
32,3,439,568,41,125,,
32,1,1870,631,51,155,,
33,74,1552,501,38,117,,
33,33,1465,550,39,119,,
33,3,439,562,40,125,,
34,75,591,555,24,72,,
34,74,1554,497,38,118,,
34,33,1471,547,39,119,,
34,3,437,560,42,126,,
35,74,1560,496,38,118,,
35,33,1473,545,39,120,,
35,3,433,554,41,125,,
36,77,473,549,42,126,,
36,74,1562,496,38,118,,
36,33,1479,545,39,119,,
36,3,431,552,41,123,,
37,81,1563,436,59,181,,
37,80,1809,621,58,177,,
37,77,472,542,41,126,,
37,74,1568,496,38,118,,
37,33,1481,545,39,119,,
37,3,429,545,41,125,,
38,85,68,588,82,247,,
38,80,1821,621,57,174,,
38,77,471,547,42,126,,
38,74,1571,486,40,122,,
38,33,1484,538,40,122,,
38,3,425,548,41,124,,
39,85,59,592,78,236,,
39,80,1833,630,57,172,,
39,74,1576,487,39,120,,
39,33,1488,542,40,121,,
39,3,423,545,41,123,,
40,85,52,587,82,249,,
40,83,512,523,26,80,,
40,80,1844,632,59,177,,
40,74,1583,487,39,120,,
40,33,1495,538,39,120,,
40,3,423,543,40,123,,
41,85,39,576,88,265,,
41,83,510,522,26,81,,
41,80,1850,629,61,186,,
41,74,1584,483,42,126,,
41,33,1502,542,40,120,,
41,3,423,543,40,122,,
42,83,508,522,29,88,,
42,80,1857,630,61,186,,
42,74,1591,490,40,124,,
42,33,1505,543,39,120,,
42,3,421,548,41,124,,
43,88,1474,423,88,265,,
43,83,504,525,28,85,,
43,74,1593,498,40,123,,
43,33,1510,543,40,122,,
43,3,417,550,40,123,,
44,74,1596,493,41,124,,
44,33,1513,549,39,121,,
44,3,413,550,41,125,,
45,74,1600,491,43,129,,
45,33,1518,550,40,124,,
45,3,414,551,41,123,,
46,74,1606,478,46,139,,
46,33,1520,551,41,124,,
46,3,409,551,41,122,,
47,97,455,549,41,125,,
47,74,1613,491,44,134,,
47,33,1526,556,41,123,,
47,3,408,551,40,122,,
48,100,344,552,39,117,,
48,97,456,558,40,121,,
48,74,1621,497,43,130,,
48,33,1534,559,40,122,,
48,3,406,554,41,127,,
49,103,488,529,31,93,,
49,100,344,554,39,117,,
49,97,451,561,39,119,,
49,74,1621,504,44,132,,
49,33,1537,560,40,123,,
49,3,406,557,41,125,,
50,103,485,528,30,92,,
50,100,339,554,38,118,,
50,97,448,554,40,123,,
50,74,1627,500,44,134,,
50,33,1537,560,41,125,,
50,3,401,553,41,124,,
51,100,337,554,38,118,,
51,99,396,529,56,171,,
51,97,446,558,41,124,,
51,74,1631,500,43,130,,
51,33,1543,565,41,123,,
51,3,400,557,40,123,,
52,100,335,553,40,121,,
52,97,446,559,41,126,,
52,74,1637,504,43,130,,
52,33,1550,567,40,122,,
52,3,396,558,41,125,,
53,114,565,554,26,79,,
53,100,329,557,41,125,,
53,97,438,550,45,135,,
53,74,1640,503,42,126,,
53,33,1554,568,40,124,,
53,3,395,559,41,125,,
54,114,565,555,25,78,,
54,100,328,554,40,122,,
54,97,435,546,46,141,,
54,33,1560,568,41,125,,
54,3,392,559,41,124,,
55,118,1520,398,106,320,,
55,114,561,556,27,81,,
55,106,505,552,22,68,,
55,100,327,553,40,121,,
55,97,432,549,46,140,,
55,33,1564,566,42,129,,
55,3,388,559,41,125,,
56,118,1521,402,104,315,,
56,114,553,537,35,107,,
56,108,1659,533,31,95,,
56,106,502,553,21,65,,
56,100,322,553,39,120,,
56,97,425,550,46,140,,
56,3,384,559,41,124,,
57,118,1535,393,109,326,,
57,114,551,544,33,102,,
57,108,1662,529,30,93,,
57,106,499,553,22,69,,
57,100,320,553,39,119,,
57,97,423,551,46,139,,
57,3,379,559,41,125,,
58,120,1575,552,51,153,,
58,118,1540,389,110,332,,
58,114,546,535,36,111,,
58,108,1665,528,31,94,,
58,106,496,552,23,69,,
58,100,314,553,39,119,,
58,97,422,551,46,139,,
58,3,376,554,41,123,,
59,120,1584,552,50,152,,
59,114,544,525,38,117,,
59,108,1667,525,32,99,,
59,106,493,548,23,73,,
59,100,310,552,40,122,,
59,97,419,548,45,136,,
59,3,376,551,41,125,,
60,120,1587,560,49,147,,
60,114,541,518,41,124,,
60,108,1667,516,37,111,,
60,106,488,550,23,71,,
60,100,309,551,41,124,,
60,97,415,550,45,137,,
60,3,371,550,41,126,,
61,125,1389,509,19,59,,
61,120,1588,552,51,156,,
61,108,1669,492,41,126,,
61,106,484,551,23,73,,
61,100,305,551,40,123,,
61,97,413,551,45,138,,
61,3,363,550,42,127,,
62,125,1389,508,19,59,,
62,120,1594,551,51,155,,
62,108,1675,487,44,136,,
62,106,481,547,24,75,,
62,100,303,546,40,122,,
62,97,411,548,44,135,,
62,3,365,550,41,125,,
63,125,1389,502,19,59,,
63,120,1605,550,48,146,,
63,108,1677,472,46,141,,
63,106,478,555,23,73,,
63,100,298,560,39,121,,
63,97,410,559,44,133,,
63,3,361,561,42,126,,
64,125,1392,502,21,63,,
64,120,1608,559,49,149,,
64,114,530,517,44,132,,
64,100,296,552,41,126,,
64,97,407,552,43,129,,
64,3,359,551,43,130,,
65,132,1689,505,40,121,,
65,125,1393,498,21,66,,
65,120,1608,562,49,146,,
65,114,524,519,44,133,,
65,100,288,554,43,129,,
65,97,404,556,42,128,,
65,3,353,555,43,129,,
66,132,1695,503,40,123,,
66,125,1393,497,22,67,,
66,120,1615,563,48,145,,
66,114,522,526,44,133,,
66,100,287,562,41,126,,
66,97,403,563,42,128,,
66,3,351,562,42,127,,
67,132,1697,514,40,123,,
67,125,1394,501,23,70,,
67,120,1624,574,47,140,,
67,114,516,523,44,133,,
67,100,284,554,41,127,,
67,97,397,554,42,128,,
67,3,344,551,42,130,,
68,132,1701,520,37,112,,
68,120,1628,568,46,141,,
68,114,514,521,43,134,,
68,100,277,557,42,127,,
68,97,389,560,43,131,,
68,3,338,548,44,135,,
69,132,1705,526,36,109,,
69,120,1629,573,48,146,,
69,114,507,521,44,133,,
69,100,272,553,41,125,,
69,97,386,558,43,130,,
69,3,333,545,44,136,,
70,132,1706,524,37,114,,
70,120,1635,574,48,144,,
70,114,505,521,44,133,,
70,97,385,558,42,129,,
70,3,329,544,47,143,,
71,151,538,544,35,108,,
71,150,1601,388,118,357,,
71,145,438,551,25,77,,
71,143,1621,514,81,244,,
71,132,1706,523,38,116,,
71,120,1639,575,48,148,,
71,114,499,521,43,133,,
71,97,379,555,44,132,,
71,3,326,543,47,145,,
72,153,297,505,71,214,,
72,151,534,537,39,119,,
72,143,1630,511,83,251,,
72,132,1706,516,39,119,,
72,120,1643,573,51,155,,
72,114,496,523,45,136,,
72,97,377,556,43,131,,
72,3,322,547,47,143,,
73,153,284,515,68,206,,
73,143,1633,509,84,254,,
73,132,1706,519,39,119,,
73,120,1644,572,52,158,,
73,114,489,518,45,137,,
73,97,371,557,42,130,,
73,3,317,545,47,144,,
74,154,557,519,44,133,,
74,143,1633,508,84,255,,
74,132,1711,520,39,120,,
74,120,1648,571,52,158,,
74,114,487,519,45,136,,
74,97,368,557,43,129,,
74,3,310,543,48,148,,
75,154,556,515,43,131,,
75,145,415,552,23,73,,
75,132,1713,520,39,121,,
75,120,1654,577,50,154,,
75,97,361,555,44,132,,
75,3,304,546,48,146,,
76,154,550,520,43,130,,
76,145,409,552,24,72,,
76,132,1713,524,38,115,,
76,120,1658,581,51,155,,
76,97,357,556,45,136,,
76,3,297,544,48,146,,
77,154,548,521,43,131,,
77,145,404,552,23,69,,
77,132,1714,522,38,117,,
77,120,1660,582,51,155,,
77,97,351,553,45,137,,
77,3,289,542,49,150,,
78,154,542,528,42,130,,
78,151,500,539,39,121,,
78,145,397,555,22,68,,
78,132,1714,522,38,118,,
78,120,1664,581,50,152,,
78,114,464,516,46,141,,
78,97,343,552,45,137,,
78,3,284,546,48,147,,
79,154,536,532,42,126,,
79,151,496,537,39,120,,
79,145,390,554,23,69,,
79,132,1713,521,39,119,,
79,120,1669,583,50,153,,
79,114,460,514,46,141,,
79,97,340,552,45,137,,
79,3,277,543,49,148,,
80,177,1633,456,103,313,,
80,176,753,505,19,59,,
80,175,1645,563,67,205,,
80,154,535,534,40,124,,
80,151,489,541,40,121,,
80,145,381,557,23,69,,
80,132,1713,524,38,115,,
80,120,1670,583,51,154,,
80,114,454,523,45,138,,
80,97,333,552,45,137,,
80,3,275,542,48,148,,
81,177,1629,414,112,339,,
81,175,1655,557,71,215,,
81,154,529,536,40,121,,
81,151,482,538,39,120,,
81,120,1671,583,51,155,,
81,114,447,521,44,136,,
81,97,324,552,45,137,,
81,3,267,546,48,145,,
82,177,1646,457,100,302,,
82,154,522,536,39,121,,
82,151,474,535,40,123,,
82,120,1676,582,52,159,,
82,114,442,523,45,137,,
82,97,317,553,47,141,,
82,3,259,550,48,146,,
83,181,129,553,47,144,,
83,177,1654,473,97,292,,
83,154,519,537,40,119,,
83,151,471,540,40,123,,
83,120,1677,581,53,162,,
83,114,437,527,44,135,,
83,97,313,558,45,139,,
83,3,255,552,49,146,,
84,181,126,554,45,138,,
84,177,1657,480,95,286,,
84,154,513,537,39,119,,
84,151,465,543,40,121,,
84,120,1677,580,54,164,,
84,114,432,540,41,126,,
84,97,308,561,45,137,,
84,3,249,550,47,144,,
85,185,1380,519,19,61,,
85,181,120,559,45,138,,
85,177,1657,483,91,274,,
85,154,506,542,39,119,,
85,151,457,542,40,124,,
85,120,1677,585,56,169,,
85,114,423,535,42,128,,
85,97,299,557,46,140,,
85,3,239,552,48,145,,
86,185,1378,516,20,63,,
86,181,111,561,46,138,,
86,177,1657,473,89,267,,
86,154,499,543,40,122,,
86,151,449,543,40,123,,
86,120,1684,581,56,169,,
86,114,416,536,43,131,,
86,97,292,561,45,137,,
86,3,234,552,49,150,,
87,185,1377,519,19,61,,
87,181,108,556,46,143,,
87,177,1654,478,93,281,,
87,154,496,544,39,121,,
87,151,440,542,41,125,,
87,120,1687,584,57,173,,
87,114,407,530,45,136,,
87,97,286,561,45,137,,
87,3,227,552,49,149,,
88,192,318,565,28,85,,
88,185,1374,520,20,62,,
88,181,101,559,46,141,,
88,177,1644,481,93,281,,
88,154,489,545,40,120,,
88,151,431,542,41,126,,
88,120,1688,587,56,172,,
88,114,402,535,44,135,,
88,97,278,561,45,137,,
88,3,220,556,48,146,,
89,195,1243,474,47,144,,
89,185,1372,520,20,61,,
89,181,93,560,46,140,,
89,154,482,549,40,123,,
89,151,424,538,43,130,,
89,120,1688,594,58,175,,
89,97,269,563,46,141,,
89,3,216,560,48,146,,
90,195,1237,476,50,152,,
90,194,1673,529,91,275,,
90,181,84,567,46,139,,
90,154,480,551,40,124,,
90,151,422,551,41,127,,
90,120,1691,592,60,181,,
90,97,265,567,46,140,,
90,3,215,561,48,147,,
91,195,1235,476,51,155,,
91,194,1672,531,92,279,,
91,181,75,569,45,139,,
91,154,473,552,40,122,,
91,151,416,556,41,125,,
91,120,1689,594,60,182,,
91,97,258,572,47,142,,
91,3,208,562,48,147,,
92,197,180,541,68,204,,
92,195,1231,480,50,152,,
92,194,1677,540,90,272,,
92,181,69,573,47,142,,
92,154,465,557,41,124,,
92,151,407,556,42,129,,
92,114,377,548,44,132,,
92,97,249,573,47,144,,
92,3,199,568,49,148,,
93,197,168,541,71,217,,
93,195,1230,482,50,150,,
93,194,1674,549,91,275,,
93,181,61,573,47,144,,
93,154,457,559,41,125,,
93,151,402,563,43,129,,
93,114,369,559,42,129,,
93,97,240,576,47,142,,
93,3,190,571,48,147,,
94,197,163,539,74,224,,
94,195,1226,479,50,153,,
94,194,1673,551,92,278,,
94,181,48,577,47,142,,
94,154,454,559,41,126,,
94,151,395,565,43,129,,
94,114,361,556,43,132,,
94,97,237,578,46,141,,
94,3,180,572,48,147,,
95,197,154,550,72,220,,
95,195,1223,479,53,160,,
95,194,1675,554,95,287,,
95,181,43,576,48,147,,
95,154,447,559,42,127,,
95,151,391,571,41,127,,
95,120,1701,606,63,192,,
95,114,352,562,43,129,,
95,97,226,576,48,146,,
95,3,176,572,49,148,,
96,195,1221,480,51,156,,
96,194,1685,551,94,285,,
96,181,40,564,55,165,,
96,154,442,563,43,130,,
96,151,384,574,41,125,,
96,120,1703,610,64,194,,
96,114,349,557,43,132,,
96,97,218,580,48,147,,
96,3,163,573,50,151,,
97,201,364,550,51,153,,
97,195,1215,484,52,157,,
97,194,1689,550,94,284,,
97,181,30,557,58,176,,
97,154,434,563,44,133,,
97,120,1704,612,64,194,,
97,114,339,557,45,137,,
97,97,215,582,48,146,,
97,3,158,573,51,153,,
98,212,91,583,38,118,,
98,211,633,524,19,59,,
98,201,355,544,54,164,,
98,195,1214,486,51,157,,
98,194,1694,540,95,290,,
98,181,16,550,59,180,,
98,154,425,563,44,134,,
98,120,1713,612,64,195,,
98,114,330,556,48,144,,
98,97,208,582,48,147,,
98,3,148,574,49,149,,
99,201,343,545,54,166,,
99,195,1211,488,54,163,,
99,194,1692,545,95,287,,
99,154,416,563,44,135,,
99,120,1716,612,64,195,,
99,114,319,565,46,141,,
99,97,199,582,48,147,,
99,3,139,579,49,149,,
100,216,1688,543,40,123,,
100,201,337,548,53,162,,
100,194,1694,551,97,291,,
100,154,407,562,44,136,,
100,120,1716,616,66,199,,
100,114,311,574,44,135,,
100,97,192,584,49,150,,
100,3,130,581,48,148,,
101,216,1688,544,40,122,,
101,201,328,543,58,175,,
101,194,1696,493,110,330,,
101,154,402,564,44,134,,
101,120,1716,616,67,203,,
101,114,303,573,43,132,,
101,97,182,584,50,152,,
101,3,120,581,49,149,,
102,225,1550,513,29,90,,
102,216,1682,544,40,122,,
102,201,317,546,59,178,,
102,194,1696,466,117,355,,
102,154,395,565,43,132,,
102,120,1719,618,69,209,,
102,114,299,574,43,131,,
102,97,172,583,50,155,,
102,3,117,584,47,146,,
103,225,1546,514,30,92,,
103,216,1680,544,40,122,,
103,194,1705,509,112,340,,
103,154,387,570,44,133,,
103,151,327,576,42,127,,
103,120,1726,616,69,209,,
103,114,289,579,42,128,,
103,97,166,581,50,153,,
103,3,109,583,48,146,,
104,225,1541,514,31,95,,
104,219,1342,534,22,68,,
104,216,1679,544,40,122,,
104,194,1709,528,109,329,,
104,154,378,572,44,133,,
104,151,319,576,41,127,,
104,120,1728,614,69,210,,
104,114,280,581,41,126,,
104,97,158,581,50,151,,
104,3,100,583,48,146,,
105,230,237,590,34,107,,
105,225,1540,513,31,98,,
105,219,1338,534,22,68,,
105,216,1679,544,40,121,,
105,154,368,569,45,136,,
105,151,312,580,41,126,,
105,120,1733,616,70,214,,
105,114,272,583,41,124,,
105,97,149,587,49,150,,
105,3,88,584,50,150,,
106,230,227,590,34,103,,
106,225,1535,514,31,95,,
106,219,1336,534,22,70,,
106,216,1674,544,40,121,,
106,154,360,570,45,137,,
106,151,302,578,41,126,,
106,120,1730,623,70,213,,
106,114,261,583,42,129,,
106,97,139,585,51,152,,
106,3,77,584,50,152,,
107,230,216,587,39,119,,
107,225,1532,513,30,91,,
107,219,1333,533,22,70,,
107,216,1672,544,40,121,,
107,154,351,571,45,137,,
107,120,1733,618,71,217,,
107,114,250,584,43,128,,
107,97,129,583,51,155,,
107,3,73,576,50,154,,
108,230,208,582,39,118,,
108,229,385,552,39,120,,
108,225,1528,514,31,94,,
108,219,1332,533,23,70,,
108,216,1666,537,41,124,,
108,154,341,561,47,143,,
108,120,1739,623,71,215,,
108,97,125,584,50,150,,
108,3,61,572,52,159,,
109,230,198,583,41,125,,
109,229,377,552,39,120,,
109,225,1525,513,28,87,,
109,219,1329,533,22,69,,
109,216,1664,541,40,123,,
109,201,259,546,60,180,,
109,154,332,554,50,152,,
109,120,1741,625,71,214,,
109,97,117,583,51,153,,
109,3,53,571,52,159,,
110,230,191,582,41,126,,
110,229,370,551,40,123,,
110,225,1521,516,26,79,,
110,219,1326,533,23,71,,
110,216,1663,542,40,123,,
110,201,249,540,61,185,,
110,154,322,562,49,148,,
110,151,269,585,41,124,,
110,120,1746,630,73,221,,
110,97,108,583,50,154,,
110,3,43,570,53,159,,
111,230,180,585,40,122,,
111,229,361,552,40,121,,
111,225,1517,519,24,73,,
111,219,1323,533,23,70,,
111,216,1657,532,42,129,,
111,154,315,562,49,148,,
111,151,259,585,41,125,,
111,120,1747,630,75,228,,
111,97,97,582,51,156,,
111,3,33,570,52,159,,
112,230,172,586,38,118,,
112,229,353,552,39,120,,
112,225,1513,521,23,68,,
112,216,1655,538,42,126,,
112,154,306,568,49,148,,
112,151,250,585,41,126,,
112,120,1747,629,77,232,,
112,97,87,582,51,156,,
112,3,24,577,54,161,,
113,230,164,588,38,116,,
113,229,345,557,39,120,,
113,154,297,570,48,149,,
113,151,241,584,42,127,,
113,120,1747,628,77,234,,
113,97,78,586,51,154,,
113,3,12,579,53,161,,
114,230,153,591,39,118,,
114,229,337,560,39,119,,
114,154,287,571,49,148,,
114,151,232,589,41,124,,
114,120,1746,627,79,237,,
114,97,66,584,51,155,,
114,3,7,578,52,158,,
115,230,142,594,39,117,,
115,229,328,560,40,122,,
115,154,277,572,49,148,,
115,151,224,590,40,124,,
115,120,1746,626,79,238,,
115,97,54,580,53,163,,
115,3,0,580,52,158,,
116,230,134,595,38,116,,
116,229,320,560,40,121,,
116,225,1496,523,20,62,,
116,154,267,575,48,145,,
116,151,210,593,41,124,,
116,120,1750,624,81,244,,
116,97,46,579,54,165,,
116,3,-2,586,50,155,,
117,230,122,594,39,118,,
117,229,312,560,40,121,,
117,154,256,574,49,150,,
117,151,199,593,41,126,,
117,120,1757,634,81,244,,
117,97,36,579,54,166,,
118,249,208,464,85,256,,
118,230,112,593,40,119,,
118,229,305,560,39,120,,
118,154,247,576,48,146,,
118,151,190,593,41,127,,
118,120,1760,638,80,243,,
118,97,20,579,57,175,,
119,249,205,477,84,256,,
119,230,99,598,39,120,,
119,229,300,560,40,123,,
119,154,235,575,50,149,,
119,151,181,593,41,127,,
119,120,1761,639,80,243,,
119,97,12,583,59,177,,
120,256,111,600,43,133,,
120,249,188,467,88,267,,
120,230,88,599,40,121,,
120,229,290,560,39,121,,
120,225,1476,521,21,65,,
120,154,227,579,49,149,,
120,151,168,598,43,130,,
120,120,1761,640,80,242,,
120,97,2,583,58,179,,
121,259,519,526,20,63,,
121,256,101,600,45,135,,
121,249,179,460,93,283,,
121,230,78,601,41,124,,
121,229,281,560,39,121,,
121,225,1471,521,21,65,,
121,154,214,582,50,152,,
121,151,158,600,43,132,,
121,120,1761,640,80,242,,
122,262,1769,555,121,365,,
122,260,143,207,80,242,,
122,259,508,522,21,62,,
122,256,92,599,45,136,,
122,230,65,605,41,124,,
122,229,275,560,40,123,,
122,225,1468,517,22,67,,
122,154,203,583,50,154,,
122,151,148,600,44,134,,
122,120,1766,640,82,247,,
123,262,1773,553,122,367,,
123,260,130,206,81,244,,
123,256,79,606,43,132,,
123,230,56,607,40,123,,
123,229,265,565,40,122,,
123,225,1464,515,22,68,,
123,154,192,583,51,155,,
123,151,138,600,43,132,,
123,120,1768,639,83,250,,
124,264,1291,533,22,69,,
124,262,1773,546,127,382,,
124,260,115,205,81,246,,
124,256,69,609,42,129,,
124,230,44,609,41,126,,
124,229,258,567,40,124,,
124,225,1459,515,22,68,,
124,154,181,582,51,157,,
124,151,123,604,45,136,,
124,120,1779,649,84,253,,
125,262,1772,543,129,390,,
125,260,110,205,81,246,,
125,256,57,609,43,133,,
125,230,33,608,40,124,,
125,229,250,566,42,128,,
125,225,1454,514,23,70,,
125,154,170,582,52,157,,
125,120,1784,650,86,260,,
126,262,1771,541,130,394,,
126,260,103,204,78,238,,
126,256,47,609,44,134,,
126,230,19,610,42,126,,
126,229,241,564,43,131,,
126,225,1452,518,22,68,,
126,154,159,582,52,157,,
126,120,1786,649,87,265,,
127,262,1770,541,131,396,,
127,260,96,206,79,240,,
127,256,33,613,45,139,,
127,230,8,613,41,125,,
127,229,232,565,43,131,,
127,225,1449,518,21,66,,
127,154,148,586,51,155,,
127,120,1798,648,89,269,,
128,262,1769,576,132,397,,
128,260,88,205,78,235,,
128,256,21,614,47,142,,
128,229,224,566,42,130,,
128,225,1444,520,21,66,,
128,154,138,591,52,159,,
128,120,1801,649,88,266,,
129,275,456,464,42,127,,
129,256,9,615,47,141,,
129,229,215,572,42,129,,
129,225,1439,520,22,67,,
129,154,126,592,54,162,,
129,120,1799,655,91,276,,
130,277,53,601,52,161,,
130,256,0,615,44,137,,
130,229,206,574,43,129,,
130,225,1433,517,23,71,,
130,154,117,595,52,159,,
130,120,1802,660,91,276,,
131,277,39,607,51,154,,
131,272,1728,561,39,119,,
131,229,196,573,43,132,,
131,225,1429,518,23,71,,
131,154,104,593,54,162,,
131,120,1803,662,91,277,,
132,282,1236,520,20,60,,
132,278,77,558,41,126,,
132,277,29,609,50,151,,
132,272,1722,561,39,119,,
132,229,188,574,43,131,,
132,225,1425,519,22,69,,
132,154,92,599,55,165,,
132,120,1811,658,94,283,,
133,283,448,524,23,70,,
133,282,1231,520,20,61,,
133,278,65,561,60,182,,
133,277,19,617,49,150,,
133,275,430,464,41,127,,
133,272,1720,561,39,119,,
133,229,180,574,43,130,,
133,225,1420,519,23,69,,
133,154,83,600,54,163,,
133,120,1818,660,93,281,,
134,287,1265,537,24,74,,
134,282,1228,520,19,60,,
134,278,56,547,74,226,,
134,277,9,620,49,148,,
134,275,424,463,40,124,,
134,272,1720,561,39,119,,
134,229,172,580,42,130,,
134,225,1416,520,22,68,,
134,154,70,602,55,165,,
134,120,1820,661,93,280,,
135,282,1224,520,20,60,,
135,278,46,549,76,232,,
135,277,0,622,48,147,,
135,275,420,464,41,125,,
135,272,1714,561,39,119,,
135,229,163,582,43,130,,
135,225,1411,520,22,67,,
135,154,55,608,54,163,,
135,120,1821,661,93,280,,
136,278,34,545,80,243,,
136,275,413,464,41,126,,
136,272,1712,561,39,119,,
136,229,155,583,42,129,,
136,225,1407,520,21,67,,
136,154,45,612,55,165,,
136,120,1830,670,95,285,,
137,278,20,537,85,255,,
137,275,405,464,41,126,,
137,272,1712,561,39,119,,
137,229,146,584,42,128,,
137,225,1405,522,21,66,,
137,154,35,613,55,167,,
137,120,1834,673,95,288,,
138,275,402,464,42,127,,
138,272,1711,561,39,119,,
138,229,138,584,42,128,,
138,225,1400,521,22,67,,
138,154,17,612,57,171,,
138,120,1835,673,96,291,,
139,292,1570,544,39,119,,
139,275,395,464,42,127,,
139,272,1706,561,39,119,,
139,229,130,583,43,131,,
139,225,1394,520,22,68,,
139,154,2,612,57,171,,
139,120,1837,675,95,288,,
140,292,1562,544,39,119,,
140,275,393,464,42,127,,
140,272,1704,561,39,119,,
140,229,121,579,44,136,,
140,225,1392,520,21,67,,
141,292,1559,544,39,119,,
141,275,387,464,42,127,,
141,272,1704,555,39,119,,
141,229,111,580,44,134,,
141,225,1388,520,22,67,,
142,292,1559,544,39,119,,
142,272,1703,553,39,119,,
142,229,102,580,45,136,,
142,225,1385,520,22,68,,
143,292,1553,544,39,119,,
143,272,1702,561,38,117,,
143,229,94,581,44,133,,
143,225,1382,520,22,68,,
144,292,1552,544,39,119,,
144,272,1698,561,38,117,,
144,229,86,582,43,132,,
144,225,1379,519,23,69,,
145,292,1546,543,40,122,,
145,272,1696,561,39,118,,
145,229,77,579,46,140,,
146,292,1543,543,40,122,,
146,272,1696,561,38,118,,
146,229,66,579,46,139,,
147,301,1525,487,60,185,,
147,292,1537,548,41,124,,
147,272,1696,566,38,118,,
147,229,59,580,44,136,,
148,302,469,413,46,139,,
148,301,1525,494,58,175,,
148,292,1535,550,40,123,,
148,272,1690,563,39,118,,
148,229,48,580,45,136,,
148,225,1361,524,22,68,,
149,302,467,412,46,140,,
149,301,1526,498,56,170,,
149,292,1529,546,40,121,,
149,272,1687,565,38,116,,
149,229,40,583,46,140,,
149,225,1356,524,22,69,,
150,302,460,412,46,141,,
150,301,1519,500,57,173,,
150,292,1527,550,40,121,,
150,272,1682,563,39,117,,
150,229,33,587,45,137,,
150,225,1352,522,23,71,,
151,302,460,416,45,136,,
151,301,1516,500,56,169,,
151,292,1521,551,40,121,,
151,272,1680,562,39,117,,
151,229,21,588,45,137,,
152,302,454,418,44,133,,
152,301,1507,493,57,172,,
152,292,1513,546,40,122,,
152,229,11,592,46,140,,
153,301,1504,497,56,169,,
153,292,1506,544,39,122,,
154,292,1501,543,41,123,,
155,292,1496,543,40,122,,
156,292,1489,543,40,122,,
157,309,1310,517,24,74,,
157,292,1482,543,39,121,,
158,309,1305,518,23,71,,
158,292,1476,543,40,123,,
159,309,1301,518,23,72,,
159,292,1472,538,40,122,,
160,301,1446,453,70,213,,
160,292,1465,541,40,122,,
161,292,1463,538,39,120,,
162,292,1458,541,41,122,,
163,292,1455,542,40,122,,
164,292,1449,543,40,121,,
165,292,1442,544,39,120,,
166,292,1439,544,39,120,,
167,292,1433,539,39,120,,
168,292,1426,537,39,120,,
169,292,1423,536,39,120,,
170,292,1417,535,40,122,,
171,292,1414,534,41,123,,
172,292,1408,533,41,125,,
173,292,1406,533,41,126,,
174,292,1405,534,41,124,,
175,292,1399,536,42,128,,
176,292,1398,540,41,125,,
177,292,1398,542,40,123,,
178,292,1393,543,40,122,,
179,292,1390,542,40,124,,
180,292,1385,543,40,123,,
181,292,1383,543,40,122,,
182,292,1380,540,41,126,,
183,332,1021,519,20,63,,
183,292,1376,541,41,125,,
184,335,1617,561,39,118,,
184,332,1017,519,20,64,,
184,292,1373,542,41,125,,
185,335,1611,562,38,117,,
185,332,1016,520,19,61,,
185,292,1371,536,42,126,,
186,335,1615,562,38,117,,
186,292,1368,540,41,124,,
187,335,1616,556,39,117,,
187,292,1369,538,42,128,,
188,335,1617,554,38,117,,
188,333,1342,499,44,131,,
188,292,1364,540,42,128,,
189,335,1617,553,38,118,,
189,334,1084,518,21,65,,
189,333,1342,502,40,122,,
189,292,1363,540,42,128,,
190,335,1614,552,40,121,,
190,334,1081,516,21,67,,
190,292,1357,540,42,128,,
191,335,1616,552,39,120,,
191,292,1355,541,42,128,,
192,335,1614,551,40,123,,
192,292,1352,541,41,126,,
193,335,1615,551,40,122,,
193,292,1353,541,41,127,,
194,335,1616,552,40,120,,
194,292,1351,542,41,124,,
195,335,1622,552,39,120,,
195,292,1347,542,42,125,,
196,348,1061,519,22,68,,
196,335,1619,552,39,119,,
196,292,1346,541,41,127,,
197,352,1075,505,46,139,,
197,348,1061,520,22,68,,
197,335,1623,552,39,119,,
197,292,1346,541,41,127,,
198,352,1068,505,46,140,,
198,335,1624,552,39,119,,
198,292,1343,538,43,130,,
199,352,1066,499,50,152,,
199,335,1625,553,39,118,,
199,292,1342,536,43,132,,
200,335,1629,552,39,121,,
200,292,1342,535,43,134,,
201,348,1048,519,23,70,,
201,335,1630,551,40,124,,
201,292,1338,538,44,132,,
202,348,1047,519,23,69,,
202,335,1632,551,40,122,,
202,292,1340,536,44,133,,
203,348,1044,519,22,69,,
203,335,1631,551,41,124,,
203,292,1338,538,43,132,,
204,348,1048,527,21,65,,
204,335,1636,548,42,128,,
204,292,1337,539,43,131,,
205,364,1066,505,46,138,,
205,335,1638,548,42,129,,
205,292,1337,539,43,130,,
206,365,910,449,60,182,,
206,335,1640,549,41,126,,
206,292,1335,541,42,127,,
207,365,910,449,59,181,,
207,335,1645,550,41,126,,
207,292,1334,544,42,130,,
208,368,884,528,19,60,,
208,335,1647,555,41,125,,
208,292,1330,547,43,129,,
209,368,884,529,19,59,,
209,335,1647,555,43,129,,
209,292,1331,541,44,134,,
210,371,1025,517,25,78,,
210,368,883,526,21,64,,
210,335,1653,555,43,131,,
210,292,1330,537,46,139,,
211,371,1024,521,24,73,,
211,368,880,530,21,64,,
211,335,1655,556,43,130,,
211,292,1332,541,45,138,,
212,371,1024,522,24,74,,
212,368,879,532,21,64,,
212,335,1661,557,43,130,,
212,292,1332,542,45,138,,
213,368,878,530,21,67,,
213,335,1664,557,42,129,,
213,292,1332,542,45,138,,
214,368,877,533,23,69,,
214,335,1670,557,42,129,,
214,292,1332,542,46,138,,
215,335,1673,555,44,132,,
215,292,1332,542,46,138,,
216,371,1019,528,24,71,,
216,335,1680,554,44,133,,
216,292,1332,549,46,137,,
217,335,1683,553,44,135,,
217,292,1335,553,45,135,,
218,335,1690,553,44,135,,
218,292,1336,555,44,133,,
219,335,1698,552,45,136,,
219,292,1340,554,44,134,,
220,335,1701,552,45,137,,
220,292,1342,553,44,135,,
221,387,980,530,20,65,,
221,335,1709,565,43,132,,
221,292,1341,548,46,139,,
222,387,979,530,22,66,,
222,335,1711,558,44,133,,
222,292,1344,547,45,136,,
223,390,1012,530,21,67,,
223,389,1069,543,28,85,,
223,387,979,529,22,68,,
223,335,1718,562,42,130,,
223,292,1349,546,45,139,,
224,389,1069,543,28,86,,
224,387,979,529,22,68,,
224,335,1723,565,42,129,,
224,292,1350,545,47,141,,
225,389,1069,543,28,85,,
225,387,980,528,23,71,,
225,335,1733,565,41,127,,
225,292,1351,543,46,140,,
226,389,1067,546,27,83,,
226,387,980,528,24,72,,
226,335,1743,554,43,133,,
226,292,1351,543,47,143,,
227,335,1753,549,45,137,,
227,292,1351,543,47,144,,
228,335,1757,544,45,138,,
228,292,1357,543,48,145,,
229,396,1337,487,70,210,,
229,335,1764,544,46,141,,
229,292,1359,543,48,145,,
230,399,1217,561,39,119,,
230,396,1342,482,72,217,,
230,335,1772,544,47,142,,
230,292,1360,543,48,146,,
231,399,1223,561,39,119,,
231,396,1344,479,73,221,,
231,335,1782,543,47,144,,
231,292,1363,542,49,150,,
232,399,1225,561,39,119,,
232,396,1355,478,73,223,,
232,335,1791,543,48,145,,
232,292,1367,546,48,146,,
233,400,1126,513,39,119,,
233,396,1361,485,70,212,,
233,335,1801,542,48,146,,
233,292,1369,548,47,144,,
234,407,313,449,19,59,,
234,400,1128,513,39,119,,
234,396,1361,482,72,216,,
234,335,1811,542,48,147,,
234,292,1370,545,48,145,,
235,408,983,528,23,70,,
235,407,313,448,19,59,,
235,400,1123,513,39,119,,
235,396,1361,480,72,219,,
235,335,1821,542,48,147,,
235,292,1370,548,47,143,,
236,400,1122,513,39,119,,
236,396,1362,472,76,228,,
236,335,1828,542,49,150,,
236,292,1373,545,49,147,,
237,411,1064,543,27,84,,
237,400,1135,510,40,122,,
237,396,1371,475,74,227,,
237,335,1840,541,49,150,,
237,292,1374,543,50,150,,
238,396,1374,476,74,226,,
238,335,1847,538,51,156,,
238,292,1381,541,50,153,,
239,396,1375,486,74,226,,
239,335,1857,532,52,156,,
239,292,1384,541,50,154,,
240,335,1870,535,50,151,,
240,292,1391,538,52,158,,
241,292,1394,538,52,159,,
242,292,1395,538,52,159,,
243,292,1402,537,50,153,,
244,292,1405,537,49,149,,
245,292,1413,540,50,151,,
246,292,1418,540,49,151,,
247,292,1424,541,51,152,,
248,292,1428,540,50,152,,
249,292,1435,540,50,154,,
250,425,924,530,21,65,,
250,292,1439,538,52,158,,
251,425,927,531,21,65,,
251,292,1446,538,51,156,,
252,425,931,532,20,64,,
252,292,1455,539,51,156,,
253,425,934,530,21,66,,
253,292,1458,539,52,157,,
254,425,939,531,21,65,,
254,421,1353,414,83,251,,
254,292,1467,532,54,164,,
255,425,946,530,21,67,,
255,292,1476,535,53,162,,
256,292,1484,537,53,158,,
257,429,1470,440,90,272,,
257,292,1493,536,53,161,,
258,429,1477,420,95,288,,
258,292,1504,535,53,163,,
259,429,1476,397,105,317,,
259,425,965,529,22,68,,
259,292,1507,534,55,165,,
260,429,1490,386,105,316,,
260,425,970,529,22,68,,
260,292,1516,533,54,167,,
261,434,1142,543,35,105,,
261,425,977,530,21,67,,
261,292,1526,533,55,167,,
262,425,982,531,21,66,,
262,292,1535,529,58,176,,
263,425,986,531,21,65,,
264,437,1201,516,41,126,,
264,425,991,530,22,68,,
265,437,1202,518,40,123,,
266,437,1209,516,41,126,,
267,437,1216,524,40,123,,
268,437,1219,524,41,126,,
268,425,1012,533,22,68,,
270,442,1563,591,62,188,,
270,441,155,593,39,119,,
271,442,1584,588,63,191,,
271,441,153,593,39,119,,
272,442,1599,596,64,193,,
273,442,1616,590,67,202,,
274,443,27,601,35,109,,
274,442,1630,587,70,214,,
274,425,1048,529,23,69,,
275,443,31,606,34,104,,
275,442,1644,585,71,213,,
275,425,1053,528,22,70,,
276,442,1658,593,71,214,,
276,425,1059,530,21,67,,
277,442,1679,596,75,226,,
277,425,1066,529,22,68,,
278,441,184,585,39,119,,
278,425,1071,529,22,68,,
279,443,39,604,35,106,,
279,441,185,584,39,119,,
279,425,1076,529,22,68,,
280,449,20,593,40,124,,
280,443,39,605,36,109,,
280,441,186,589,39,119,,
281,449,23,598,40,122,,
281,443,44,611,34,105,,
281,442,1745,598,79,239,,
281,441,191,591,39,119,,
282,457,1126,527,27,83,,
282,454,997,561,50,151,,
282,449,20,595,41,125,,
282,443,46,614,33,103,,
283,457,1126,513,37,113,,
283,449,23,598,40,123,,
284,460,1757,541,63,191,,
284,457,1134,513,34,103,,
284,449,24,599,40,122,,
285,462,1257,553,38,118,,
285,460,1770,543,62,189,,
285,457,1139,520,30,93,,
285,449,30,605,40,121,,
285,442,1824,608,80,241,,
286,462,1258,553,39,118,,
286,460,1781,536,65,195,,
286,454,1023,560,52,158,,
286,442,1841,608,80,242,,
287,466,1304,535,41,122,,
287,462,1265,553,38,118,,
287,460,1794,540,63,192,,
288,466,1311,533,41,126,,
288,462,1270,552,40,122,,
288,460,1807,535,64,195,,
288,443,59,602,40,123,,
289,466,1318,535,41,122,,
289,462,1273,552,40,121,,
289,460,1819,540,63,191,,
289,449,32,608,40,121,,
289,443,55,599,43,131,,
290,466,1324,528,43,131,,
290,464,510,442,55,167,,
290,462,1280,552,39,120,,
290,460,1828,535,66,200,,
290,449,33,608,39,121,,
291,466,1328,532,41,126,,
291,464,511,442,56,168,,
291,462,1282,552,39,120,,
291,460,1839,532,68,205,,
291,449,37,610,41,127,,
291,441,208,608,39,119,,
292,466,1330,532,42,127,,
292,464,519,442,56,169,,
292,462,1288,553,39,118,,
292,460,1856,539,67,203,,
292,449,38,610,43,130,,
292,441,213,605,41,122,,
293,462,1295,553,39,118,,
293,460,1870,542,67,202,,
293,449,40,613,41,127,,
293,441,211,607,40,121,,
294,462,1298,557,39,122,,
294,449,40,614,41,125,,
294,441,210,613,39,121,,
295,474,1370,544,39,117,,
295,462,1304,559,39,121,,
295,449,41,615,40,123,,
295,443,57,608,45,135,,
295,441,214,612,40,123,,
296,474,1377,546,38,116,,
296,462,1311,565,40,121,,
296,449,41,616,40,122,,
296,443,61,616,43,131,,
296,441,221,611,41,125,,
297,474,1379,547,37,115,,
297,462,1314,568,39,119,,
297,443,58,611,44,134,,
297,441,224,611,41,125,,
298,474,1389,545,39,119,,
298,443,57,609,45,135,,
298,441,219,610,41,127,,
299,474,1393,551,39,118,,
299,443,60,606,45,140,,
299,441,217,610,41,127,,
300,474,1399,552,40,121,,
300,449,41,622,39,120,,
300,443,63,606,46,140,,
300,441,227,613,41,125,,
301,474,1407,553,40,120,,
301,449,43,621,40,122,,
301,443,62,610,46,143,,
301,441,231,615,40,123,,
302,484,1107,533,63,191,,
302,474,1410,553,39,121,,
302,449,44,620,41,124,,
302,443,65,618,44,134,,
302,441,222,615,40,122,,
303,486,1298,533,30,92,,
303,474,1416,558,39,120,,
303,449,42,622,40,123,,
303,443,64,625,43,130,,
303,441,224,618,40,124,,
304,487,1167,538,64,193,,
304,486,1303,531,32,100,,
304,474,1424,561,39,119,,
304,449,42,619,43,131,,
304,441,223,620,42,127,,
305,487,1180,531,66,199,,
305,486,1307,537,32,100,,
305,474,1432,567,40,121,,
305,449,40,625,43,132,,
305,441,229,622,41,125,,
306,492,1624,527,39,119,,
306,474,1432,575,44,135,,
306,449,36,625,43,132,,
306,441,226,623,41,123,,
307,492,1632,529,39,119,,
307,474,1438,577,47,143,,
307,449,37,627,44,133,,
307,443,64,639,41,124,,
307,441,230,623,41,123,,
308,492,1640,529,39,119,,
308,449,35,631,44,132,,
308,443,64,640,40,122,,
308,441,226,628,41,126,,
309,495,1343,515,44,136,,
309,492,1648,529,39,119,,
309,449,37,629,44,134,,
309,443,64,640,40,122,,
309,441,224,628,42,130,,
310,495,1347,520,43,133,,
310,492,1656,535,39,119,,
310,449,35,632,44,132,,
310,443,59,628,44,134,,
310,441,224,633,42,129,,
311,492,1664,537,39,119,,
311,449,35,634,43,131,,
311,443,60,637,43,133,,
311,441,224,634,42,130,,
312,492,1673,535,40,123,,
312,449,34,634,43,131,,
312,443,60,641,43,131,,
312,441,224,635,42,129,,
313,449,31,636,43,132,,
313,443,57,644,42,128,,
313,441,223,637,43,131,,
314,449,29,636,44,134,,
314,443,56,645,41,127,,
314,441,222,637,44,133,,
315,449,30,635,46,138,,
315,441,222,637,44,134,,
316,449,27,639,44,136,,
316,441,220,635,45,139,,
317,503,1390,591,48,147,,
317,449,27,643,45,136,,
317,441,220,635,46,138,,
318,503,1396,596,46,140,,
318,449,28,644,45,137,,
318,443,53,654,41,125,,
318,441,219,634,46,141,,
319,503,1399,601,47,143,,
319,449,22,644,45,137,,
319,443,50,655,40,124,,
319,441,220,640,46,140,,
320,503,1405,605,46,140,,
320,501,1519,587,44,134,,
320,449,21,644,46,140,,
320,443,48,656,40,122,,
320,441,221,642,45,140,,
321,503,1409,604,47,143,,
321,501,1526,589,44,135,,
321,449,19,644,46,139,,
321,443,45,655,41,124,,
321,441,219,643,46,142,,
322,501,1534,589,44,136,,
322,449,13,643,47,142,,
322,443,44,654,41,125,,
322,441,215,640,48,147,,
323,501,1537,589,44,136,,
323,449,11,643,47,143,,
323,443,41,655,41,124,,
323,441,213,638,50,151,,
324,501,1550,589,45,137,,
324,449,9,642,47,143,,
324,443,37,654,41,125,,
324,441,215,633,50,150,,
325,501,1550,592,47,141,,
325,449,10,642,47,144,,
325,441,213,635,50,152,,
326,501,1554,596,46,139,,
326,449,4,639,49,149,,
326,441,212,635,51,154,,
327,501,1555,591,46,139,,
327,449,0,640,48,146,,
327,441,211,632,49,150,,
328,512,1373,568,54,162,,
328,503,1427,605,50,153,,
328,501,1558,593,47,141,,
328,443,24,658,42,128,,
328,441,205,634,50,153,,
329,512,1372,566,55,167,,
329,503,1427,604,51,155,,
329,501,1564,588,48,147,,
329,443,20,656,43,132,,
329,441,202,635,51,154,,
330,521,1808,537,39,119,,
330,512,1372,566,55,166,,
330,503,1428,604,53,160,,
330,501,1565,584,51,156,,
330,443,13,649,44,134,,
330,441,194,635,52,155,,
331,522,231,628,43,130,,
331,521,1812,528,43,131,,
331,512,1373,559,54,165,,
331,503,1428,603,54,164,,
331,501,1567,587,51,154,,
331,443,10,646,44,135,,
331,441,191,635,52,156,,
332,522,224,628,43,130,,
332,521,1818,530,43,130,,
332,503,1434,594,53,163,,
332,501,1573,584,51,155,,
332,443,3,645,45,136,,
332,441,185,629,53,161,,
333,522,222,628,43,130,,
333,521,1820,524,43,131,,
333,503,1436,591,53,162,,
333,501,1575,582,53,160,,
333,443,0,650,45,137,,
333,441,188,625,52,160,,
334,527,1345,503,76,229,,
334,522,217,628,41,126,,
334,521,1828,518,44,134,,
334,503,1435,588,55,169,,
334,501,1576,580,54,164,,
334,441,182,623,52,160,,
335,527,1350,535,67,205,,
335,522,217,627,44,132,,
335,521,1831,515,45,137,,
335,503,1437,588,56,170,,
335,441,180,622,52,160,,
336,527,1343,504,76,229,,
336,523,39,464,85,256,,
336,522,215,626,42,129,,
336,521,1835,512,44,135,,
336,503,1438,588,56,170,,
336,441,173,624,54,163,,
337,527,1340,491,80,242,,
337,523,35,464,85,256,,
337,521,1845,513,45,137,,
337,441,170,629,53,162,,
338,527,1339,485,82,249,,
338,523,23,463,88,265,,
338,521,1846,512,44,134,,
338,441,168,631,53,161,,
339,527,1342,480,81,245,,
339,521,1849,513,44,136,,
339,441,161,632,53,161,,
340,522,195,634,45,137,,
340,521,1858,512,44,134,,
340,503,1443,596,58,178,,
340,501,1577,577,60,183,,
340,441,159,635,54,163,,
341,533,1358,566,56,171,,
341,522,193,635,45,136,,
341,521,1865,514,45,135,,
341,503,1444,604,59,179,,
341,501,1574,567,65,198,,
341,441,151,636,54,165,,
342,533,1358,568,56,168,,
342,521,1868,514,45,137,,
342,503,1444,606,60,181,,
342,441,147,636,56,170,,
343,535,1341,516,53,161,,
343,533,1358,576,55,168,,
343,521,1868,520,45,138,,
343,503,1444,615,60,181,,
343,441,146,646,55,167,,
344,535,1340,517,54,164,,
344,533,1359,575,57,174,,
344,503,1445,615,61,186,,
344,441,139,650,54,165,,
345,522,173,651,47,141,,
345,503,1445,623,62,189,,
345,441,135,657,56,170,,
346,538,1409,592,47,141,,
346,522,167,658,46,140,,
346,503,1444,625,63,192,,
346,441,127,665,56,170,,
347,503,1444,626,64,193,,
347,441,117,667,56,170,,
348,533,1354,538,75,229,,
348,503,1443,635,63,191,,
348,441,113,668,56,170,,
349,533,1348,515,83,251,,
349,503,1444,638,63,193,,
349,441,112,669,56,170,,
350,544,1584,623,64,193,,
350,533,1350,553,77,233,,
350,503,1451,640,63,190,,
350,441,102,671,57,173,,
351,544,1586,623,65,198,,
351,533,1352,571,73,219,,
351,503,1455,640,63,192,,
351,441,98,671,58,176,,
352,547,137,672,48,144,,
352,544,1588,616,69,207,,
352,503,1456,648,64,193,,
352,441,91,676,58,174,,
353,547,137,672,48,144,,
353,544,1589,612,70,213,,
353,503,1456,651,62,191,,
353,441,86,680,58,177,,
354,551,1392,599,64,194,,
354,547,130,671,48,146,,
354,544,1588,620,67,203,,
354,503,1457,660,63,193,,
354,441,80,679,57,175,,
355,553,1268,546,110,332,,
355,551,1382,600,68,205,,
355,547,120,669,49,151,,
355,544,1588,632,65,196,,
355,503,1457,664,64,193,,
355,441,80,688,56,171,,
356,553,1268,544,112,338,,
356,551,1378,585,75,227,,
356,547,114,670,53,160,,
356,544,1587,635,65,198,,
356,503,1453,662,66,198,,
356,441,75,685,57,174,,
357,553,1264,538,118,355,,
357,551,1377,591,74,223,,
357,547,105,670,54,165,,
357,544,1583,642,61,185,,
357,503,1451,660,67,202,,
358,551,1377,593,73,221,,
358,547,105,674,52,159,,
358,544,1583,650,59,180,,
358,503,1450,659,68,204,,
359,557,50,680,59,181,,
359,551,1376,601,70,212,,
359,547,97,675,52,160,,
359,544,1587,663,59,180,,
359,503,1450,667,68,206,,
360,557,42,680,61,185,,
360,551,1375,614,69,207,,
360,547,94,676,52,159,,
360,544,1587,666,61,186,,
360,503,1450,669,68,208,,
361,560,1299,739,53,161,,
361,557,37,689,60,181,,
361,551,1374,615,71,215,,
361,547,86,676,52,159,,
361,544,1580,663,64,195,,
361,503,1450,675,70,213,,
362,562,1338,614,67,203,,
362,560,1300,746,51,154,,
362,557,27,692,59,180,,
362,551,1375,618,69,209,,
362,547,80,680,54,163,,
362,544,1584,673,64,195,,
362,503,1458,680,70,213,,
363,563,1280,465,55,168,,
363,562,1331,600,75,228,,
363,560,1300,750,52,157,,
363,557,18,691,63,191,,
363,551,1368,625,69,209,,
363,547,74,684,53,162,,
363,544,1578,673,66,201,,
363,503,1461,682,70,212,,
364,563,1276,473,58,176,,
364,560,1300,758,52,159,,
364,557,13,691,63,192,,
364,551,1364,631,68,206,,
364,547,65,685,53,161,,
364,544,1576,675,64,196,,
364,503,1463,692,69,212,,
365,563,1278,475,57,174,,
365,560,1307,761,52,159,,
365,557,10,707,62,187,,
365,551,1364,630,69,207,,
365,547,58,690,54,165,,
365,544,1580,682,62,188,,
365,503,1463,696,70,211,,
366,563,1278,476,57,172,,
366,560,1309,766,51,154,,
366,557,2,706,63,190,,
366,551,1364,638,69,208,,
366,547,48,692,55,166,,
366,544,1582,685,60,183,,
366,503,1461,697,73,220,,
367,562,1325,628,67,204,,
367,551,1364,641,69,209,,
367,547,39,694,57,172,,
367,503,1463,702,73,222,,
368,562,1322,636,63,190,,
368,551,1352,636,73,220,,
368,547,34,699,56,172,,
368,503,1460,708,75,228,,
369,562,1322,641,59,180,,
369,551,1347,632,75,228,,
369,547,26,704,58,176,,
369,503,1462,714,75,228,,
370,570,1304,639,103,313,,
370,562,1321,644,60,179,,
370,551,1354,638,75,228,,
370,547,21,710,58,174,,
370,503,1463,716,75,228,,
371,571,1457,585,39,119,,
371,570,1294,642,107,326,,
371,562,1318,650,64,195,,
371,551,1356,641,75,227,,
371,547,12,712,58,173,,
371,503,1462,719,74,223,,
372,571,1457,585,39,119,,
372,570,1306,623,114,346,,
372,562,1311,645,63,190,,
372,551,1348,643,77,232,,
372,547,3,716,58,177,,
372,544,1572,700,70,211,,
372,503,1460,724,75,229,,
373,575,1561,569,39,118,,
373,571,1459,579,40,123,,
373,570,1309,597,118,356,,
373,551,1354,641,76,231,,
373,544,1571,698,73,221,,
373,503,1458,725,77,232,,
374,576,1385,575,39,119,,
374,571,1459,576,41,126,,
374,570,1293,604,120,362,,
374,551,1348,642,77,235,,
374,544,1563,696,72,218,,
374,503,1458,724,77,236,,
375,576,1385,570,39,119,,
375,571,1457,575,41,124,,
375,551,1353,642,80,242,,
375,544,1557,695,74,226,,
375,503,1459,727,80,242,,
376,571,1458,575,41,126,,
376,551,1347,640,80,244,,
376,544,1554,694,76,231,,
376,503,1459,726,82,248,,
377,572,539,453,71,217,,
377,571,1457,575,40,123,,
377,551,1352,639,83,249,,
377,544,1542,692,78,235,,
377,503,1459,725,83,251,,
378,572,538,450,72,220,,
378,571,1458,575,41,126,,
378,551,1346,638,82,248,,
378,544,1538,691,78,237,,
378,503,1457,731,82,249,,
379,571,1457,575,40,123,,
379,551,1341,638,83,251,,
379,544,1536,690,79,239,,
379,503,1455,728,86,257,,
380,584,1561,558,42,127,,
380,571,1452,570,41,125,,
380,551,1330,634,86,260,,
380,544,1535,689,80,241,,
380,503,1455,725,87,263,,
381,586,1715,591,49,148,,
381,584,1561,558,42,127,,
381,551,1312,634,86,260,,
381,544,1535,689,80,241,,
381,503,1454,728,85,258,,
382,589,1396,569,46,140,,
382,586,1715,589,49,151,,
382,551,1305,634,86,260,,
382,544,1535,688,80,242,,
382,503,1445,735,86,258,,
383,589,1397,566,43,133,,
383,586,1714,589,50,151,,
383,583,69,392,119,359,,
383,551,1302,633,87,261,,
383,544,1524,688,81,242,,
383,503,1442,737,86,259,,
384,589,1391,564,46,140,,
384,586,1714,599,47,142,,
384,583,50,415,116,351,,
384,551,1289,624,90,273,,
384,544,1531,688,80,242,,
384,503,1441,738,85,259,,
385,589,1388,561,46,139,,
385,586,1713,583,53,162,,
385,584,1553,552,45,137,,
385,583,40,430,112,338,,
385,551,1287,622,85,257,,
385,544,1528,689,82,248,,
385,503,1437,740,87,264,,
386,589,1388,563,44,134,,
386,586,1720,575,57,173,,
386,584,1552,554,44,134,,
386,583,30,394,119,358,,
386,551,1282,628,82,249,,
386,544,1527,689,83,251,,
386,503,1437,744,86,258,,
387,589,1381,562,45,135,,
387,586,1722,580,54,167,,
387,584,1547,553,44,135,,
387,583,26,378,123,371,,
387,572,497,434,73,221,,
387,551,1273,631,85,257,,
387,544,1521,686,83,250,,
387,503,1436,742,87,264,,
388,589,1380,564,43,132,,
388,584,1547,547,46,140,,
388,583,17,398,117,353,,
388,572,493,433,74,222,,
388,551,1267,631,82,250,,
388,544,1513,687,84,253,,
388,503,1427,750,87,262,,
389,599,1223,642,73,220,,
389,596,1735,570,98,298,,
389,589,1376,565,42,127,,
389,544,1510,687,84,255,,
389,503,1423,756,90,273,,
390,599,1217,642,77,233,,
390,596,1733,570,103,312,,
390,589,1370,566,40,123,,
390,503,1417,756,91,274,,
391,599,1203,641,79,239,,
391,589,1365,567,41,124,,
391,503,1415,755,92,276,,
392,602,1240,447,76,230,,
392,601,1459,721,79,239,,
392,599,1199,640,79,242,,
392,589,1362,565,42,128,,
392,503,1408,752,89,271,,
393,602,1233,449,78,236,,
393,599,1186,639,80,244,,
393,589,1354,564,43,130,,
393,503,1402,755,93,279,,
394,602,1224,447,77,230,,
394,599,1178,648,78,237,,
394,589,1345,563,44,132,,
394,503,1398,766,92,279,,
395,609,1732,599,54,165,,
395,602,1217,449,78,235,,
395,599,1169,643,79,240,,
395,589,1337,564,42,128,,
395,503,1386,771,94,285,,
396,610,1222,569,166,501,,
396,609,1723,592,55,167,,
396,601,1413,713,84,252,,
396,599,1154,640,81,248,,
396,589,1332,566,44,134,,
396,503,1381,772,95,289,,
397,612,1498,549,49,148,,
397,609,1722,595,58,175,,
397,601,1406,718,84,255,,
397,599,1149,649,82,247,,
397,589,1323,559,43,132,,
397,503,1366,772,96,291,,
398,612,1490,550,46,142,,
398,609,1718,590,61,186,,
398,599,1135,652,84,252,,
398,589,1314,557,43,131,,
398,503,1360,771,97,293,,
399,612,1483,547,52,158,,
399,609,1711,592,61,186,,
399,599,1121,653,83,249,,
399,589,1305,563,42,126,,
399,503,1345,771,98,294,,
400,612,1473,545,54,165,,
400,609,1705,588,63,191,,
400,599,1114,653,84,254,,
400,589,1297,565,41,124,,
400,503,1335,782,100,302,,
401,612,1466,547,53,159,,
401,609,1701,588,66,200,,
401,599,1104,653,82,250,,
401,589,1289,567,40,122,,
401,503,1321,782,103,313,,
402,612,1458,548,52,160,,
402,609,1690,587,67,205,,
402,599,1089,651,86,260,,
402,589,1274,562,41,123,,
402,503,1304,783,102,310,,
403,612,1448,548,52,160,,
403,609,1679,583,67,204,,
403,599,1084,643,90,274,,
403,589,1265,560,40,122,,
403,503,1298,785,101,306,,
404,612,1438,548,52,157,,
404,599,1078,657,96,290,,
404,589,1257,560,39,120,,
404,503,1286,795,99,299,,
405,612,1427,549,52,157,,
405,599,1066,653,97,295,,
405,589,1246,560,40,122,,
406,612,1418,549,51,155,,
406,589,1234,560,40,120,,
407,612,1406,547,53,161,,
407,589,1220,560,39,120,,
408,621,1013,660,93,281,,
408,612,1395,548,52,160,,
408,589,1209,560,39,119,,
409,626,1047,429,84,255,,
409,621,989,654,96,290,,
409,612,1383,546,54,164,,
409,589,1195,560,39,119,,
410,621,960,657,94,285,,
410,612,1371,545,55,166,,
410,589,1180,561,39,118,,
411,621,933,659,100,301,,
411,612,1361,546,54,164,,
411,589,1169,561,39,118,,
412,621,908,665,100,302,,
412,612,1349,547,53,159,,
412,589,1155,561,39,118,,
413,621,886,668,100,301,,
413,612,1334,546,50,153,,
413,589,1139,561,39,118,,
414,621,863,673,97,293,,
414,612,1321,549,51,154,,
414,589,1129,561,38,118,,
415,634,1052,784,83,249,,
415,621,832,672,98,294,,
415,612,1305,547,53,160,,
415,589,1114,561,39,118,,
416,634,1027,791,91,274,,
416,621,808,671,98,296,,
416,589,1099,561,39,118,,
417,640,1567,616,52,159,,
417,634,995,805,91,275,,
417,621,787,670,98,297,,
417,589,1083,561,39,118,,
418,640,1555,620,51,155,,
418,634,967,796,95,286,,
418,621,767,670,98,297,,
418,589,1063,558,41,124,,
419,640,1543,616,49,149,,
419,621,747,670,99,297,,
419,589,1048,552,43,130,,
420,621,715,683,98,297,,
420,589,1031,550,43,129,,
421,621,682,682,101,304,,
421,589,1014,549,43,129,,
422,621,652,686,101,302,,
422,589,995,549,41,126,,
423,651,1039,544,40,123,,
423,621,616,688,100,301,,
423,589,977,547,43,129,,
424,654,947,518,69,208,,
424,651,1011,539,53,161,,
424,621,578,688,99,300,,
424,589,956,548,42,128,,
425,656,1124,537,50,153,,
425,654,934,485,67,202,,
425,621,547,691,95,288,,
425,589,937,543,42,128,,
426,657,1660,572,68,208,,
426,656,1110,539,43,133,,
426,654,912,515,66,199,,
426,621,508,692,101,305,,
426,589,919,547,42,128,,
427,657,1643,572,68,208,,
427,656,1095,543,40,122,,
427,654,887,526,65,197,,
427,621,471,698,102,309,,
427,589,898,549,42,125,,
428,657,1618,572,69,208,,
428,656,1074,549,40,121,,
428,654,861,530,65,196,,
428,651,922,540,62,188,,
428,621,425,695,109,328,,
428,589,878,549,41,126,,
429,657,1590,594,64,194,,
429,656,1056,552,40,120,,
429,654,846,539,62,189,,
429,651,906,542,63,190,,
429,621,389,702,110,332,,
429,589,858,550,40,124,,
430,657,1573,591,66,200,,
430,654,822,545,63,191,,
430,651,884,545,65,195,,
430,621,344,710,109,329,,
431,657,1549,590,66,202,,
431,654,801,545,61,187,,
431,621,299,704,106,321,,
432,664,960,560,40,122,,
432,657,1531,589,67,204,,
432,654,766,548,74,224,,
432,621,257,713,106,320,,
433,664,943,560,40,121,,
433,657,1507,588,67,205,,
433,621,218,720,103,313,,
433,589,768,557,42,130,,
434,665,1287,612,81,246,,
434,664,922,560,39,120,,
434,657,1480,587,68,207,,
434,621,168,728,107,322,,
435,665,1269,631,74,224,,
435,664,898,561,39,119,,
435,657,1456,593,66,202,,
435,621,121,729,109,329,,
436,665,1251,645,73,219,,
436,664,876,560,41,123,,
436,657,1435,590,69,209,,
436,621,74,729,110,332,,
437,665,1233,645,69,209,,
437,664,856,565,40,122,,
437,657,1409,597,69,208,,
437,621,26,734,108,328,,
437,589,678,559,41,125,,
438,672,720,545,46,140,,
438,665,1209,656,67,203,,
438,664,828,567,40,124,,
438,657,1389,600,70,214,,
438,589,655,559,41,125,,
439,673,828,548,54,163,,
439,672,695,563,39,118,,
439,666,1406,592,80,240,,
439,665,1186,656,68,206,,
439,664,806,567,42,126,,
439,657,1365,599,70,213,,
439,589,628,564,40,124,,
440,673,814,555,51,158,,
440,672,670,562,37,113,,
440,666,1380,592,79,240,,
440,665,1159,660,66,201,,
440,664,783,571,43,131,,
440,657,1339,599,70,211,,
440,589,609,561,41,125,,
441,673,796,558,51,154,,
441,672,645,557,38,117,,
441,665,1137,662,69,210,,
441,657,1312,599,69,211,,
441,589,585,560,41,125,,
442,672,618,554,39,120,,
442,665,1114,667,70,210,,
442,657,1284,599,69,210,,
442,589,562,564,40,124,,
443,665,1087,664,75,229,,
443,657,1256,600,69,209,,
443,589,535,567,41,124,,
444,665,1059,671,78,234,,
444,657,1228,600,69,209,,
444,589,509,567,41,126,,
445,665,1029,673,78,238,,
445,657,1199,601,70,214,,
445,589,483,568,41,125,,
446,665,1001,671,78,234,,
446,657,1172,600,73,222,,
446,589,457,567,41,127,,
447,688,1106,639,61,185,,
447,665,977,673,78,237,,
447,657,1149,599,73,223,,
447,589,431,567,42,127,,
448,688,1081,639,62,189,,
448,665,947,673,79,240,,
448,657,1121,598,74,224,,
448,589,401,565,42,130,,
449,688,1050,634,68,208,,
449,665,916,673,79,241,,
449,657,1092,597,76,229,,
449,589,372,566,42,129,,
450,665,884,683,79,242,,
450,657,1061,596,76,233,,
450,589,344,564,43,132,,
451,665,858,688,82,248,,
451,657,1028,595,78,235,,
451,589,318,565,43,130,,
452,665,827,689,83,252,,
452,589,289,564,43,132,,
453,665,795,688,87,261,,
453,589,260,565,42,131,,
454,665,757,695,91,274,,
454,589,226,564,43,132,,
455,665,717,696,94,282,,
456,710,1659,734,166,501,,
456,665,683,697,93,282,,
457,719,630,568,146,439,,
457,717,442,558,46,142,,
457,710,1630,729,164,496,,
457,665,642,689,98,295,,
458,719,582,553,155,468,,
458,717,414,562,47,145,,
458,710,1599,728,163,493,,
458,665,602,692,95,286,,
459,719,560,561,154,462,,
459,717,382,562,50,153,,
459,710,1567,729,163,490,,
459,665,559,692,96,291,,
460,710,1535,729,163,490,,
460,665,515,700,100,300,,
461,710,1501,733,153,462,,
461,665,476,706,99,300,,
462,710,1472,758,156,469,,
462,665,421,725,105,314,,
463,710,1435,767,153,461,,
463,665,382,736,105,317,,
464,710,1402,772,152,456,,
465,710,1365,791,147,441,,
466,745,448,659,79,237,,
466,710,1335,800,143,432,,
467,745,404,660,78,235,,
468,745,368,672,78,235,,
469,745,329,675,80,244,,
470,745,289,675,80,241,,
471,745,245,675,81,247,,
472,745,207,674,81,243,,
473,745,160,674,82,248,,
474,745,115,671,86,258,,
475,745,75,668,88,265,,
476,745,26,674,92,277,,
477,769,99,691,97,295,,
486,773,1676,652,94,284,,
492,776,1408,630,123,368,,
493,776,1363,658,115,346,,
500,780,980,695,81,246,,
501,780,938,687,87,262,,
502,780,886,683,89,270,,
506,780,687,692,89,270,,
507,785,1712,533,104,317,,
507,780,634,694,93,281,,
508,785,1684,548,100,303,,
508,780,590,693,95,288,,
509,789,1675,656,57,174,,
509,787,1731,523,107,326,,
509,785,1647,528,105,318,,
509,780,536,705,96,292,,
510,789,1639,658,58,176,,
510,787,1688,535,110,331,,
510,785,1613,546,101,305,,
510,780,487,703,101,303,,
511,793,1677,661,66,200,,
511,789,1601,662,67,203,,
511,787,1650,520,114,345,,
511,785,1581,545,105,316,,
511,780,435,719,100,303,,
512,793,1643,656,69,209,,
512,789,1570,663,67,201,,
512,787,1607,514,116,351,,
512,785,1552,557,103,312,,
512,780,378,725,100,302,,
513,793,1610,659,67,205,,
513,789,1534,663,66,200,,
513,785,1521,608,100,302,,
513,780,323,731,104,317,,
514,798,341,769,103,309,,
514,793,1573,669,66,203,,
514,789,1503,669,68,205,,
514,785,1480,582,100,303,,
515,798,276,758,108,325,,
515,793,1534,670,68,207,,
515,789,1469,664,66,202,,
515,785,1448,618,98,295,,
516,798,225,753,110,332,,
516,793,1501,673,65,198,,
516,789,1435,669,68,205,,
516,785,1417,601,98,297,,
517,798,162,750,111,336,,
517,793,1473,672,67,204,,
517,789,1396,670,69,208,,
517,785,1380,581,99,298,,
518,798,95,764,112,339,,
518,793,1441,674,66,201,,
518,789,1364,670,69,209,,
519,798,29,777,116,350,,
519,793,1407,672,68,205,,
519,789,1335,672,68,205,,
520,793,1376,673,66,202,,
520,789,1298,671,68,207,,
521,812,1714,732,96,289,,
521,793,1339,683,67,200,,
521,789,1269,673,66,199,,
522,812,1688,733,94,282,,
522,793,1309,685,67,203,,
522,789,1235,674,65,199,,
523,812,1655,734,92,279,,
523,793,1280,685,68,206,,
523,789,1197,675,66,198,,
524,812,1613,716,103,311,,
524,793,1247,686,67,203,,
524,789,1159,673,67,202,,
525,812,1579,723,99,299,,
525,793,1213,685,68,206,,
525,789,1128,672,67,204,,
526,812,1553,712,99,299,,
526,793,1181,680,70,212,,
526,789,1092,675,70,211,,
527,825,1242,502,58,177,,
527,812,1523,711,96,291,,
527,793,1150,677,71,216,,
527,789,1068,680,69,211,,
528,825,1223,509,59,179,,
528,812,1495,709,97,293,,
528,793,1115,688,71,216,,
528,789,1032,682,70,211,,
529,825,1201,511,59,180,,
529,812,1460,709,98,294,,
529,793,1085,693,70,214,,
529,789,1001,682,70,211,,
530,825,1177,512,59,179,,
530,812,1435,721,98,296,,
530,793,1046,695,73,223,,
530,789,971,688,71,215,,
531,825,1156,502,62,187,,
531,812,1398,727,96,289,,
531,793,1011,694,75,229,,
531,789,944,693,70,214,,
532,825,1121,499,61,184,,
532,812,1375,729,97,292,,
532,793,982,698,76,229,,
532,789,907,695,71,213,,
533,835,1121,569,39,119,,
533,812,1342,730,97,293,,
533,793,947,705,77,233,,
533,789,876,705,70,212,,
534,835,1103,569,39,119,,
534,812,1318,730,95,288,,
534,793,913,706,78,236,,
534,789,844,709,68,208,,
535,835,1081,569,39,119,,
535,812,1289,727,99,297,,
535,793,878,708,80,244,,
535,789,809,711,69,208,,
536,835,1063,569,39,119,,
536,812,1260,728,99,297,,
536,793,843,708,82,249,,
536,789,776,715,74,224,,
537,835,1041,569,39,119,,
537,812,1228,724,100,304,,
537,793,810,707,86,258,,
537,789,742,714,77,235,,
538,835,1021,574,40,123,,
538,812,1202,722,102,309,,
538,793,774,716,85,259,,
538,789,695,712,80,242,,
539,835,1000,576,40,121,,
539,812,1178,724,101,305,,
539,793,738,719,86,260,,
539,789,656,709,82,248,,
540,835,977,576,40,121,,
540,812,1144,722,102,309,,
540,793,704,720,86,261,,
540,789,623,716,81,246,,
541,835,959,577,39,120,,
541,812,1112,728,106,320,,
541,793,669,731,86,261,,
541,789,586,721,83,251,,
542,835,937,577,39,120,,
542,812,1079,735,106,319,,
542,793,637,742,85,256,,
542,789,550,723,84,253,,
543,835,919,577,39,119,,
543,812,1057,740,104,313,,
543,793,607,742,87,263,,
543,789,533,730,83,250,,
544,835,900,583,41,122,,
544,812,1037,755,103,309,,
544,793,572,753,88,268,,
544,789,476,754,82,248,,
545,835,880,579,40,121,,
545,812,1012,761,104,311,,
545,793,545,753,88,266,,
545,789,434,757,83,252,,
546,835,863,577,39,121,,
546,812,984,764,102,307,,
546,793,502,756,90,270,,
546,789,388,764,83,249,,
547,835,841,577,40,120,,
547,812,954,759,105,318,,
547,793,455,754,94,286,,
547,789,352,763,85,258,,
548,835,823,577,40,123,,
548,812,925,762,103,311,,
548,793,410,751,98,296,,
548,789,311,770,85,259,,
549,835,806,577,40,124,,
549,812,902,764,102,307,,
549,793,369,757,103,310,,
549,789,276,776,88,264,,
550,835,783,576,41,126,,
550,812,867,759,105,317,,
550,793,336,761,104,314,,
550,789,240,777,89,269,,
551,835,763,576,42,126,,
551,812,842,746,106,318,,
551,793,296,763,103,311,,
552,865,730,507,64,194,,
552,835,745,576,42,127,,
552,812,820,755,106,318,,
552,793,257,765,102,307,,
553,865,714,507,64,194,,
553,835,728,575,42,128,,
553,812,788,760,104,312,,
553,793,217,779,101,305,,
554,865,697,505,67,201,,
554,835,711,575,42,128,,
554,812,761,761,104,314,,
554,793,178,784,101,304,,
555,871,108,780,121,363,,
555,865,677,515,66,198,,
555,835,694,575,42,128,,
555,812,742,763,102,309,,
556,869,736,497,45,136,,
556,865,666,507,68,204,,
556,835,673,573,43,131,,
556,812,717,763,104,311,,
557,869,724,503,44,132,,
557,865,650,515,66,200,,
557,835,658,574,43,130,,
557,812,695,762,104,314,,
558,869,710,505,43,130,,
558,865,639,525,64,193,,
558,835,637,573,43,132,,
558,812,668,763,103,309,,
559,869,694,498,43,131,,
559,865,615,549,64,193,,
559,835,623,572,44,134,,
559,812,647,764,101,305,,
560,869,680,490,44,135,,
560,835,603,574,46,138,,
560,812,614,778,100,303,,
561,869,667,498,44,134,,
561,835,587,571,45,139,,
561,812,590,765,104,313,,
562,869,654,503,43,132,,
562,835,571,573,47,141,,
562,812,563,765,109,329,,
563,869,639,506,42,129,,
563,835,552,576,46,141,,
563,812,537,763,112,340,,
564,869,624,508,41,127,,
564,835,537,579,46,137,,
564,812,511,760,116,348,,
565,869,613,509,41,125,,
565,835,522,582,46,141,,
565,812,478,765,115,346,,
566,869,602,519,37,115,,
566,835,504,583,47,143,,
566,812,452,767,114,345,,
567,886,1461,335,98,295,,
567,869,589,525,36,110,,
567,835,487,580,46,141,,
567,812,434,777,116,351,,
568,886,1457,335,97,295,,
568,869,575,528,34,103,,
568,835,469,585,46,140,,
568,812,412,779,118,356,,
569,886,1441,335,98,295,,
569,835,453,584,47,143,,
569,812,384,785,117,352,,
570,886,1437,335,97,295,,
570,835,435,585,48,147,,
570,812,360,788,116,349,,
571,886,1422,335,97,295,,
571,835,421,584,50,151,,
571,812,323,800,117,353,,
572,886,1417,335,97,295,,
572,835,403,583,50,154,,
572,812,309,793,116,350,,
573,835,382,583,52,155,,
573,812,271,809,120,363,,
574,835,368,589,52,156,,
575,835,353,589,51,154,,
576,895,1823,531,77,234,,
576,835,338,592,51,155,,
577,895,1803,513,85,258,,
577,835,319,592,53,160,,
577,812,157,821,132,398,,
578,895,1796,507,89,268,,
578,835,305,592,52,160,,
578,812,119,818,135,404,,
579,835,285,592,54,163,,
579,812,106,815,135,410,,
580,835,271,591,55,165,,
580,812,77,823,135,406,,
581,835,251,590,55,167,,
581,812,51,827,133,402,,
582,835,237,590,55,168,,
583,835,224,597,56,169,,
584,901,185,481,101,308,,
584,835,208,598,57,173,,
585,901,153,332,137,414,,
585,835,194,598,58,175,,
586,835,181,597,59,178,,
587,919,1773,593,51,155,,
587,835,168,605,58,176,,
588,919,1771,587,56,171,,
588,918,1094,521,24,76,,
588,835,149,608,57,175,,
589,919,1768,578,61,185,,
589,918,1088,518,26,80,,
589,835,134,609,58,177,,
590,919,1769,571,61,185,,
590,918,1082,516,27,82,,
590,835,121,609,59,178,,
591,919,1761,568,61,186,,
591,918,1080,516,27,83,,
591,835,106,605,60,184,,
592,919,1762,571,59,180,,
592,835,92,611,61,188,,
593,923,1767,546,85,257,,
593,919,1767,569,60,182,,
593,835,78,613,63,190,,
594,923,1772,543,83,250,,
594,919,1772,572,59,178,,
594,835,60,608,64,196,,
595,931,325,531,34,104,,
595,925,18,520,102,308,,
595,923,1769,548,84,254,,
595,919,1771,579,60,180,,
595,835,44,614,66,200,,
596,931,321,530,37,114,,
596,925,13,523,101,307,,
596,923,1779,550,84,255,,
596,919,1771,581,59,181,,
596,835,29,615,67,204,,
597,938,551,341,45,136,,
597,931,314,529,38,118,,
597,925,0,525,100,305,,
597,923,1777,544,83,250,,
597,919,1774,584,58,178,,
597,835,21,620,67,201,,
598,939,291,475,59,177,,
598,931,311,528,40,121,,
598,923,1786,536,79,241,,
598,919,1775,578,58,175,,
598,835,12,627,67,204,,
599,939,290,474,60,181,,
599,931,305,528,40,121,,
599,919,1780,577,60,182,,
599,835,1,631,69,211,,
600,939,283,482,58,176,,
600,931,303,528,40,121,,
600,919,1782,572,60,183,,
600,835,-4,633,67,207,,
601,939,282,485,57,173,,
601,931,297,527,40,122,,
601,919,1783,570,60,183,,
602,939,275,476,61,184,,
602,931,295,533,40,122,,
602,919,1782,573,62,187,,
603,939,285,474,60,183,,
603,931,292,533,41,125,,
603,919,1784,566,65,195,,
604,951,552,350,45,137,,
604,948,1177,959,40,121,,
604,939,275,480,58,179,,
604,931,288,534,41,124,,
604,919,1791,569,64,196,,
605,951,552,350,45,137,,
605,939,271,484,58,175,,
605,931,287,535,40,123,,
605,919,1793,570,65,197,,
606,939,270,485,57,173,,
606,931,281,535,40,123,,
607,939,270,486,57,172,,
607,931,279,535,40,123,,
608,939,272,478,60,180,,
608,931,279,536,39,121,,
609,964,232,342,102,310,,
609,931,278,536,40,121,,
610,964,234,343,97,291,,
610,931,273,531,40,121,,
611,964,232,341,101,304,,
611,931,271,529,40,121,,
612,964,232,339,103,311,,
612,931,271,528,40,121,,
613,964,228,326,108,325,,
613,931,266,528,39,120,,
614,973,1832,600,63,193,,
614,931,264,528,39,120,,
615,973,1845,600,64,194,,
615,931,263,528,40,120,,
616,973,1854,601,66,203,,
616,931,258,528,39,120,,
617,976,244,475,58,176,,
617,973,1856,601,68,207,,
617,964,206,319,108,327,,
617,931,256,528,39,120,,
618,976,243,475,59,178,,
618,973,1860,607,67,202,,
618,964,204,318,110,333,,
618,931,250,528,39,120,,
619,976,238,483,58,174,,
619,973,1870,609,66,200,,
619,964,203,317,111,337,,
619,931,248,528,39,120,,
620,981,1280,521,38,118,,
620,976,237,486,57,171,,
620,931,247,528,39,120,,
621,981,1281,522,39,117,,
621,976,232,488,58,175,,
621,931,242,526,40,123,,
622,981,1288,522,38,117,,
622,976,235,487,57,173,,
622,931,240,527,40,122,,
623,981,1290,522,38,117,,
623,931,239,532,40,122,,
624,981,1290,520,41,126,,
624,931,239,529,39,121,,
625,981,1295,525,40,123,,
625,931,239,534,39,120,,
626,931,234,534,40,123,,
627,931,237,540,40,122,,
628,931,233,543,40,121,,
629,981,1320,519,41,125,,
629,931,232,549,39,121,,
630,981,1332,519,41,123,,
630,931,232,551,40,123,,
631,981,1338,523,41,124,,
631,931,236,552,41,122,,
632,981,1346,524,41,126,,
632,931,238,552,40,122,,
633,981,1352,526,40,124,,
633,931,239,552,40,121,,
634,981,1362,525,41,125,,
634,931,240,552,39,121,,
635,994,231,512,59,180,,
635,981,1368,527,40,123,,
635,931,240,552,39,121,,
636,994,231,512,59,180,,
636,981,1378,528,42,127,,
636,931,240,558,39,120,,
637,981,1389,532,41,125,,
637,931,240,557,41,126,,
638,981,1399,530,44,132,,
638,931,245,559,41,123,,
639,981,1407,533,44,134,,
639,931,247,559,40,123,,
640,931,249,560,40,124,,
641,931,249,565,41,125,,
642,931,254,567,40,123,,
643,1008,776,433,39,119,,
643,981,1446,546,44,134,,
643,931,255,567,41,123,,
644,981,1459,551,45,135,,
644,931,257,568,41,124,,
645,981,1472,555,44,133,,
645,931,264,568,41,125,,
646,981,1483,562,43,132,,
646,931,266,568,41,126,,
647,1008,792,431,39,119,,
647,931,272,567,42,127,,
648,931,275,567,41,128,,
649,931,278,561,43,133,,
650,1024,1184,515,42,128,,
650,931,282,564,43,132,,
651,931,289,565,43,131,,
652,931,294,558,44,133,,
655,1008,846,416,43,131,,
656,1028,299,402,97,295,,
656,1008,854,419,42,128,,
657,1036,1328,529,43,130,,
657,1028,309,407,98,294,,
657,1008,863,421,41,125,,
658,1028,321,411,95,286,,
658,1008,873,421,42,126,,
659,1028,337,425,93,281,,
659,1008,880,432,41,124,,
660,1028,336,432,93,283,,
660,1008,888,437,40,123,,
661,1028,347,422,94,284,,
661,1008,893,439,41,124,,
662,1048,735,406,45,137,,
662,1028,351,418,94,285,,
662,1008,897,439,41,123,,
663,1048,745,403,44,133,,
663,1028,356,427,97,292,,
663,1008,909,440,40,122,,
664,1048,754,403,43,131,,
664,1028,365,419,96,291,,
664,1008,914,440,39,121,,
665,1051,1342,546,44,133,,
665,1048,757,398,44,134,,
665,1028,374,414,98,295,,
665,1008,920,440,40,121,,
666,1048,763,401,43,131,,
666,1028,377,411,99,299,,
666,1008,933,440,40,120,,
667,1053,1591,568,54,164,,
667,1048,772,398,44,134,,
667,1028,384,413,97,294,,
667,1008,938,440,39,120,,
668,1048,782,397,42,129,,
668,1028,393,411,99,298,,
668,1008,945,440,40,122,,
669,1048,789,395,42,128,,
669,1028,396,411,99,299,,
669,1008,952,440,40,121,,
670,1061,397,511,26,82,,
670,1048,799,392,41,124,,
670,1028,403,405,102,308,,
670,1008,960,440,39,121,,
671,1061,402,509,27,84,,
671,1028,418,402,104,313,,
671,1008,968,435,39,120,,
672,1061,408,504,27,85,,
672,1008,976,433,39,120,,
673,1070,1528,601,39,119,,
673,1061,412,504,27,82,,
673,1008,984,432,39,120,,
674,1076,1449,542,48,147,,
674,1070,1544,601,39,119,,
674,1061,419,499,27,83,,
675,1076,1458,540,51,154,,
675,1070,1554,601,39,119,,
675,1061,425,494,27,83,,
676,1077,840,375,40,123,,
676,1076,1476,539,51,156,,
676,1070,1563,595,40,124,,
676,1061,428,497,27,82,,
677,1077,848,375,40,121,,
677,1061,435,497,27,83,,
678,1077,856,381,40,120,,
679,1083,581,573,47,143,,
679,1082,1135,495,26,80,,
679,1081,1536,313,127,381,,
680,1083,593,573,48,145,,
680,1081,1555,311,130,393,,
681,1083,603,588,48,146,,
681,1081,1577,325,123,371,,
682,1091,1056,399,60,181,,
682,1083,616,609,47,141,,
683,1091,1065,382,64,195,,
683,1083,627,603,45,139,,
684,1083,634,592,47,141,,
685,1104,896,382,39,119,,
685,1083,649,587,48,143,,
686,1105,1079,420,43,129,,
686,1104,898,376,39,119,,
686,1083,666,577,45,138,,
687,1108,626,466,23,69,,
687,1105,1086,416,43,131,,
687,1104,904,374,39,119,,
687,1083,678,569,48,145,,
688,1108,632,471,21,64,,
688,1083,697,564,48,146,,
689,1108,640,473,20,62,,
689,1083,716,563,50,150,,
690,1113,960,368,39,119,,
690,1108,648,471,19,61,,
690,1083,739,571,48,146,,
691,1120,500,493,33,100,,
691,1119,1791,604,45,135,,
691,1113,968,368,39,119,,
691,1108,653,468,19,60,,
691,1083,759,573,49,150,,
692,1120,499,479,37,112,,
692,1119,1804,612,47,141,,
692,1108,657,467,20,60,,
692,1083,773,572,50,153,,
693,1120,507,484,36,109,,
693,1083,784,571,53,158,,
694,1120,507,476,38,115,,
694,1083,802,577,52,159,,
695,1120,514,482,36,111,,
696,1127,680,425,39,119,,
696,1120,520,476,38,116,,
696,1119,1868,629,52,158,,
697,1120,522,473,39,118,,
698,1131,1016,377,39,119,,
698,1120,528,477,39,120,,
699,1135,1204,460,19,59,,
699,1134,700,476,19,60,,
699,1131,1018,383,39,119,,
699,1120,530,474,39,120,,
700,1134,705,476,19,59,,
700,1131,1024,385,39,119,,
700,1120,532,458,45,136,,
701,1134,709,477,19,58,,
701,1131,1032,385,39,119,,
701,1120,534,455,47,142,,
702,1144,948,596,57,175,,
702,1134,716,477,19,58,,
702,1131,1040,385,39,119,,
702,1120,531,411,58,176,,
703,1147,551,485,40,122,,
703,1144,955,602,56,168,,
703,1134,724,469,21,65,,
703,1131,1042,385,39,119,,
704,1147,553,486,40,123,,
704,1144,963,600,57,173,,
704,1134,727,469,22,69,,
704,1131,1048,391,39,119,,
705,1147,556,495,38,115,,
705,1134,729,475,21,66,,
705,1131,1056,392,39,119,,
706,1152,939,495,91,277,,
706,1147,555,491,38,118,,
706,1134,735,480,21,64,,
706,1131,1058,393,39,119,,
707,1152,967,491,99,301,,
707,1147,559,494,40,120,,
707,1134,738,482,20,63,,
707,1131,1064,393,39,119,,
708,1152,954,491,100,300,,
708,1147,563,502,37,114,,
708,1144,1045,618,58,174,,
708,1134,741,486,20,61,,
708,1131,1066,399,39,119,,
709,1152,941,498,141,424,,
709,1147,564,510,37,111,,
709,1144,1066,618,60,181,,
709,1134,745,490,19,61,,
709,1131,1072,395,39,119,,
710,1147,568,514,38,114,,
710,1144,1082,625,61,187,,
710,1134,749,497,19,60,,
711,1147,570,520,38,116,,
711,1144,1104,619,62,189,,
711,1134,753,500,19,60,,
712,1147,575,522,39,117,,
712,1144,1118,627,61,186,,
712,1134,756,503,20,60,,
713,1147,577,522,39,119,,
713,1144,1131,630,60,185,,
713,1134,758,502,19,60,,
714,1147,578,527,39,120,,
714,1134,761,507,19,59,,
715,1147,578,529,39,120,,
715,1134,765,508,19,60,,
716,1168,1434,524,24,72,,
716,1155,1270,445,45,135,,
716,1147,578,535,39,120,,
716,1134,769,509,19,59,,
717,1168,1439,527,23,70,,
717,1155,1273,450,42,130,,
717,1147,577,537,40,120,,
717,1134,770,509,19,60,,
718,1169,1230,622,64,194,,
718,1168,1444,525,22,69,,
718,1155,1278,445,44,133,,
718,1147,583,537,39,121,,
718,1134,773,509,19,59,,
719,1169,1252,626,66,200,,
719,1168,1452,529,23,72,,
719,1155,1286,450,42,129,,
719,1147,584,537,40,121,,
719,1134,777,509,19,60,,
720,1169,1267,627,61,186,,
720,1168,1458,526,24,75,,
720,1155,1289,446,43,131,,
720,1147,585,543,40,120,,
720,1134,780,511,20,60,,
721,1169,1295,635,62,188,,
721,1168,1463,524,25,77,,
721,1155,1295,451,42,127,,
721,1147,585,543,41,124,,
721,1134,784,513,20,59,,
722,1183,821,508,19,61,,
722,1180,1090,401,39,119,,
722,1169,1315,644,69,211,,
722,1168,1471,526,25,75,,
722,1155,1298,452,43,131,,
722,1147,585,544,40,123,,
722,1134,786,513,19,59,,
723,1180,1085,397,41,124,,
723,1169,1336,651,70,211,,
723,1168,1478,528,25,77,,
723,1155,1303,454,43,129,,
723,1147,590,544,40,122,,
723,1134,791,513,19,59,,
724,1180,1094,405,40,122,,
724,1169,1353,654,69,210,,
724,1168,1484,532,26,80,,
724,1155,1305,460,43,129,,
724,1147,592,550,40,121,,
724,1134,793,518,19,59,,
725,1184,807,465,39,119,,
725,1155,1311,461,41,127,,
725,1147,593,552,40,121,,
725,1134,797,520,19,59,,
726,1184,809,465,39,119,,
726,1155,1319,463,42,127,,
726,1147,593,553,40,120,,
726,1134,802,521,19,60,,
727,1184,815,471,39,119,,
727,1155,1324,463,43,130,,
727,1147,593,558,40,121,,
727,1134,805,526,19,60,,
728,1155,1331,466,44,136,,
728,1147,598,560,40,121,,
728,1134,808,526,20,59,,
729,1155,1335,468,43,131,,
729,1147,600,561,40,120,,
729,1134,810,525,19,60,,
730,1155,1339,470,42,130,,
730,1147,601,566,39,121,,
730,1134,815,528,19,59,,
731,1155,1345,471,43,130,,
731,1147,601,563,40,120,,
731,1134,820,526,19,59,,
732,1155,1351,470,44,134,,
732,1147,602,562,40,122,,
732,1134,822,526,19,59,,
733,1180,1130,412,39,119,,
733,1155,1355,470,44,133,,
733,1147,602,561,41,124,,
733,1134,825,525,19,59,,
734,1180,1136,415,39,119,,
734,1155,1361,471,44,134,,
734,1147,606,560,41,123,,
734,1134,828,525,19,59,,
735,1180,1143,411,39,119,,
735,1155,1364,471,44,132,,
735,1147,608,560,40,122,,
735,1134,830,525,19,59,,
736,1180,1146,410,39,119,,
736,1155,1364,465,44,134,,
736,1147,609,558,41,127,,
736,1134,833,522,19,59,,
737,1155,1363,460,46,138,,
737,1147,609,558,41,125,,
737,1134,836,521,19,59,,
738,1214,1568,262,40,123,,
738,1155,1364,466,45,135,,
738,1147,610,559,41,126,,
738,1134,838,522,20,62,,
739,1216,875,520,20,62,,
739,1155,1369,468,45,136,,
739,1147,610,559,42,126,,
739,1134,838,523,20,61,,
740,1216,875,520,21,63,,
740,1180,1154,409,39,119,,
740,1155,1371,463,45,137,,
740,1147,609,562,43,130,,
740,1134,841,524,19,60,,
741,1216,878,520,21,67,,
741,1180,1149,409,39,119,,
741,1155,1371,467,45,137,,
741,1147,608,563,44,132,,
741,1134,842,524,20,62,,
742,1221,1597,560,27,84,,
742,1216,879,522,21,66,,
742,1155,1378,469,44,134,,
742,1147,608,563,44,134,,
742,1134,842,524,20,62,,
743,1221,1600,563,27,82,,
743,1216,880,523,21,65,,
743,1155,1380,470,44,135,,
743,1147,611,565,46,138,,
743,1134,845,527,20,62,,
744,1221,1606,565,28,85,,
744,1216,883,523,20,63,,
744,1155,1383,479,43,131,,
744,1147,609,562,45,139,,
744,1134,846,528,20,63,,
745,1221,1610,565,27,82,,
745,1155,1388,480,43,133,,
745,1147,608,567,45,139,,
745,1134,846,528,21,63,,
746,1221,1613,566,28,84,,
746,1147,604,566,47,141,,
746,1134,846,528,21,63,,
747,1228,1199,417,39,119,,
747,1221,1618,566,28,85,,
747,1147,606,568,46,141,,
747,1134,846,528,21,63,,
748,1228,1201,414,41,124,,
748,1221,1623,566,28,85,,
748,1147,606,569,46,140,,
748,1134,846,528,21,63,,
749,1228,1201,415,40,122,,
749,1221,1630,564,27,84,,
749,1155,1395,463,51,153,,
749,1147,604,566,46,142,,
749,1134,849,528,20,63,,
750,1233,1434,440,41,124,,
750,1221,1633,563,29,89,,
750,1155,1396,458,51,155,,
750,1147,602,571,48,144,,
750,1134,850,528,20,63,,
